Input,Response,Expected,readable,proposesNothing,isCanceled recall,isCanceled safety,closure recall,closure safety,closedLength recall,closedLength safety,closedEnd recall,closedEnd safety,thresholdDisplacement recall,thresholdDisplacement safety,TORA recall,TORA safety,TODA recall,TODA safety,ASDA recall,ASDA safety,LDA recall,LDA safety,rwyCC recall,rwyCC safety,contaminants recall,contaminants safety,obstacleHeightAGL recall,obstacleHeightAGL safety,obstacleHeightMSL recall,obstacleHeightMSL safety,obstaclePosition recall,obstaclePosition safety
"ModelSample<NOTAMExtraction>(input: Location: SFO

SFO RWY 28L DECLARED DIST: TORA 10810FT TODA 10810FT ASDA 10981FT
LDA 10275FT., output: Evaluations.ModelSampleOutput<SF50_Shared.NOTAMExtraction, Evaluations.TrajectoryExpectation>(value: Optional(SF50_Shared.NOTAMExtraction(isCanceled: false, effects: [SF50_Shared.NOTAMExtraction.RunwayEffect(runway: Optional(""28L""), closure: SF50_Shared.NOTAMExtraction.Closure.none, closedLength: nil, closedEnd: nil, thresholdDisplacement: nil, declaredDistances: Optional(SF50_Shared.NOTAMExtraction.DeclaredDistances(TORA: Optional(SF50_Shared.NOTAMExtraction.Length(value: 10810.0, unit: SF50_Shared.NOTAMExtraction.LengthUnit.ft)), TODA: Optional(SF50_Shared.NOTAMExtraction.Length(value: 10810.0, unit: SF50_Shared.NOTAMExtraction.LengthUnit.ft)), ASDA: Optional(SF50_Shared.NOTAMExtraction.Length(value: 10981.0, unit: SF50_Shared.NOTAMExtraction.LengthUnit.ft)), LDA: Optional(SF50_Shared.NOTAMExtraction.Length(value: 10275.0, unit: SF50_Shared.NOTAMExtraction.LengthUnit.ft)))), surfaceCondition: nil, obstacle: nil)])), expectations: nil))","NOTAMReading(value: SF50_Shared.NOTAMExtraction(isCanceled: false, effects: [SF50_Shared.NOTAMExtraction.RunwayEffect(runway: Optional(""09L""), closure: SF50_Shared.NOTAMExtraction.Closure.none, closedLength: nil, closedEnd: nil, thresholdDisplacement: nil, declaredDistances: Optional(SF50_Shared.NOTAMExtraction.DeclaredDistances(TORA: Optional(SF50_Shared.NOTAMExtraction.Length(value: 10810.0, unit: SF50_Shared.NOTAMExtraction.LengthUnit.ft)), TODA: Optional(SF50_Shared.NOTAMExtraction.Length(value: 10810.0, unit: SF50_Shared.NOTAMExtraction.LengthUnit.ft)), ASDA: Optional(SF50_Shared.NOTAMExtraction.Length(value: 10981.0, unit: SF50_Shared.NOTAMExtraction.LengthUnit.ft)), LDA: Optional(SF50_Shared.NOTAMExtraction.Length(value: 10275.0, unit: SF50_Shared.NOTAMExtraction.LengthUnit.ft)))), surfaceCondition: nil, obstacle: nil)]), unreadable: nil)","NOTAMExtraction(isCanceled: false, effects: [SF50_Shared.NOTAMExtraction.RunwayEffect(runway: Optional(""28L""), closure: SF50_Shared.NOTAMExtraction.Closure.none, closedLength: nil, closedEnd: nil, thresholdDisplacement: nil, declaredDistances: Optional(SF50_Shared.NOTAMExtraction.DeclaredDistances(TORA: Optional(SF50_Shared.NOTAMExtraction.Length(value: 10810.0, unit: SF50_Shared.NOTAMExtraction.LengthUnit.ft)), TODA: Optional(SF50_Shared.NOTAMExtraction.Length(value: 10810.0, unit: SF50_Shared.NOTAMExtraction.LengthUnit.ft)), ASDA: Optional(SF50_Shared.NOTAMExtraction.Length(value: 10981.0, unit: SF50_Shared.NOTAMExtraction.LengthUnit.ft)), LDA: Optional(SF50_Shared.NOTAMExtraction.Length(value: 10275.0, unit: SF50_Shared.NOTAMExtraction.LengthUnit.ft)))), surfaceCondition: nil, obstacle: nil)])","Metric(readable, passing)","Metric(proposesNothing, ignore)","Metric(isCanceled recall, ignore)","Metric(isCanceled safety, passing)","Metric(closure recall, ignore)","Metric(closure safety, ignore)","Metric(closedLength recall, ignore)","Metric(closedLength safety, ignore)","Metric(closedEnd recall, ignore)","Metric(closedEnd safety, ignore)","Metric(thresholdDisplacement recall, ignore)","Metric(thresholdDisplacement safety, ignore)","Metric(TORA recall, failing, rationale: 09L: invented; 28L: missed)","Metric(TORA safety, failing, rationale: 09L: invented; 28L: missed)","Metric(TODA recall, failing, rationale: 09L: invented; 28L: missed)","Metric(TODA safety, failing, rationale: 09L: invented; 28L: missed)","Metric(ASDA recall, failing, rationale: 09L: invented; 28L: missed)","Metric(ASDA safety, failing, rationale: 09L: invented; 28L: missed)","Metric(LDA recall, failing, rationale: 09L: invented; 28L: missed)","Metric(LDA safety, failing, rationale: 09L: invented; 28L: missed)","Metric(rwyCC recall, ignore)","Metric(rwyCC safety, ignore)","Metric(contaminants recall, ignore)","Metric(contaminants safety, ignore)","Metric(obstacleHeightAGL recall, ignore)","Metric(obstacleHeightAGL safety, ignore)","Metric(obstacleHeightMSL recall, ignore)","Metric(obstacleHeightMSL safety, ignore)","Metric(obstaclePosition recall, ignore)","Metric(obstaclePosition safety, ignore)"
"ModelSample<NOTAMExtraction>(input: Location: MPMG

RWY 19 TEMPO REDUCTION DECLARED DIST DUE OBST: 
TORA: 1665M
TODA: 1665M, output: Evaluations.ModelSampleOutput<SF50_Shared.NOTAMExtraction, Evaluations.TrajectoryExpectation>(value: Optional(SF50_Shared.NOTAMExtraction(isCanceled: false, effects: [SF50_Shared.NOTAMExtraction.RunwayEffect(runway: Optional(""19""), closure: SF50_Shared.NOTAMExtraction.Closure.none, closedLength: nil, closedEnd: nil, thresholdDisplacement: nil, declaredDistances: Optional(SF50_Shared.NOTAMExtraction.DeclaredDistances(TORA: Optional(SF50_Shared.NOTAMExtraction.Length(value: 1665.0, unit: SF50_Shared.NOTAMExtraction.LengthUnit.m)), TODA: Optional(SF50_Shared.NOTAMExtraction.Length(value: 1665.0, unit: SF50_Shared.NOTAMExtraction.LengthUnit.m)), ASDA: nil, LDA: nil)), surfaceCondition: nil, obstacle: nil)])), expectations: nil))","NOTAMReading(value: SF50_Shared.NOTAMExtraction(isCanceled: false, effects: [SF50_Shared.NOTAMExtraction.RunwayEffect(runway: Optional(""19""), closure: SF50_Shared.NOTAMExtraction.Closure.partial, closedLength: nil, closedEnd: nil, thresholdDisplacement: nil, declaredDistances: Optional(SF50_Shared.NOTAMExtraction.DeclaredDistances(TORA: Optional(SF50_Shared.NOTAMExtraction.Length(value: 1665.0, unit: SF50_Shared.NOTAMExtraction.LengthUnit.m)), TODA: Optional(SF50_Shared.NOTAMExtraction.Length(value: 1665.0, unit: SF50_Shared.NOTAMExtraction.LengthUnit.m)), ASDA: Optional(SF50_Shared.NOTAMExtraction.Length(value: 1665.0, unit: SF50_Shared.NOTAMExtraction.LengthUnit.m)), LDA: Optional(SF50_Shared.NOTAMExtraction.Length(value: 1665.0, unit: SF50_Shared.NOTAMExtraction.LengthUnit.m)))), surfaceCondition: Optional(SF50_Shared.NOTAMExtraction.SurfaceCondition(rwyCC: nil, contaminants: [SF50_Shared.NOTAMExtraction.Contaminant(type: SF50_Shared.NOTAMExtraction.ContaminantType.wet, runwayThird: Optional(1), coveragePercent: Optional(100), depth: Optional(SF50_Shared.NOTAMExtraction.Depth(value: 0.0, unit: SF50_Shared.NOTAMExtraction.DepthUnit.mm))), SF50_Shared.NOTAMExtraction.Contaminant(type: SF50_Shared.NOTAMExtraction.ContaminantType.wet, runwayThird: Optional(2), coveragePercent: Optional(100), depth: Optional(SF50_Shared.NOTAMExtraction.Depth(value: 0.0, unit: SF50_Shared.NOTAMExtraction.DepthUnit.mm))), SF50_Shared.NOTAMExtraction.Contaminant(type: SF50_Shared.NOTAMExtraction.ContaminantType.wet, runwayThird: Optional(3), coveragePercent: Optional(100), depth: Optional(SF50_Shared.NOTAMExtraction.Depth(value: 0.0, unit: SF50_Shared.NOTAMExtraction.DepthUnit.mm)))])), obstacle: Optional(SF50_Shared.NOTAMExtraction.Obstacle(heightAGL: Optional(SF50_Shared.NOTAMExtraction.Length(value: 0.0, unit: SF50_Shared.NOTAMExtraction.LengthUnit.ft)), heightMSL: Optional(SF50_Shared.NOTAMExtraction.Length(value: 0.0, unit: SF50_Shared.NOTAMExtraction.LengthUnit.ft)), distance: Optional(SF50_Shared.NOTAMExtraction.Distance(value: 0.0, unit: SF50_Shared.NOTAMExtraction.DistanceUnit.m)), distanceReference: nil, bearingDegrees: nil, latitude: nil, longitude: nil)))]), unreadable: nil)","NOTAMExtraction(isCanceled: false, effects: [SF50_Shared.NOTAMExtraction.RunwayEffect(runway: Optional(""19""), closure: SF50_Shared.NOTAMExtraction.Closure.none, closedLength: nil, closedEnd: nil, thresholdDisplacement: nil, declaredDistances: Optional(SF50_Shared.NOTAMExtraction.DeclaredDistances(TORA: Optional(SF50_Shared.NOTAMExtraction.Length(value: 1665.0, unit: SF50_Shared.NOTAMExtraction.LengthUnit.m)), TODA: Optional(SF50_Shared.NOTAMExtraction.Length(value: 1665.0, unit: SF50_Shared.NOTAMExtraction.LengthUnit.m)), ASDA: nil, LDA: nil)), surfaceCondition: nil, obstacle: nil)])","Metric(readable, passing)","Metric(proposesNothing, ignore)","Metric(isCanceled recall, ignore)","Metric(isCanceled safety, passing)","Metric(closure recall, ignore)","Metric(closure safety, failing, rationale: 19: invented)","Metric(closedLength recall, ignore)","Metric(closedLength safety, ignore)","Metric(closedEnd recall, ignore)","Metric(closedEnd safety, ignore)","Metric(thresholdDisplacement recall, ignore)","Metric(thresholdDisplacement safety, ignore)","Metric(TORA recall, passing)","Metric(TORA safety, passing)","Metric(TODA recall, passing)","Metric(TODA safety, passing)","Metric(ASDA recall, ignore)","Metric(ASDA safety, failing, rationale: 19: invented)","Metric(LDA recall, ignore)","Metric(LDA safety, failing, rationale: 19: invented)","Metric(rwyCC recall, ignore)","Metric(rwyCC safety, ignore)","Metric(contaminants recall, ignore)","Metric(contaminants safety, failing, rationale: 19: invented)","Metric(obstacleHeightAGL recall, ignore)","Metric(obstacleHeightAGL safety, failing, rationale: 19: invented)","Metric(obstacleHeightMSL recall, ignore)","Metric(obstacleHeightMSL safety, failing, rationale: 19: invented)","Metric(obstaclePosition recall, ignore)","Metric(obstaclePosition safety, ignore)"
"ModelSample<NOTAMExtraction>(input: Location: DTW

DTW RWY 09R/27L W 1713FT CLSD. DECLARED DIST: RWY 09R TORA 6787FT
TODA 6787FT 
 ASDA 6787FT LDA 6787FT. RWY 27L TORA 6787FT TODA 6787FT ASDA 6787FT
LDA 6787FT., output: Evaluations.ModelSampleOutput<SF50_Shared.NOTAMExtraction, Evaluations.TrajectoryExpectation>(value: Optional(SF50_Shared.NOTAMExtraction(isCanceled: false, effects: [SF50_Shared.NOTAMExtraction.RunwayEffect(runway: Optional(""09R""), closure: SF50_Shared.NOTAMExtraction.Closure.none, closedLength: nil, closedEnd: nil, thresholdDisplacement: nil, declaredDistances: Optional(SF50_Shared.NOTAMExtraction.DeclaredDistances(TORA: Optional(SF50_Shared.NOTAMExtraction.Length(value: 6787.0, unit: SF50_Shared.NOTAMExtraction.LengthUnit.ft)), TODA: Optional(SF50_Shared.NOTAMExtraction.Length(value: 6787.0, unit: SF50_Shared.NOTAMExtraction.LengthUnit.ft)), ASDA: Optional(SF50_Shared.NOTAMExtraction.Length(value: 6787.0, unit: SF50_Shared.NOTAMExtraction.LengthUnit.ft)), LDA: Optional(SF50_Shared.NOTAMExtraction.Length(value: 6787.0, unit: SF50_Shared.NOTAMExtraction.LengthUnit.ft)))), surfaceCondition: nil, obstacle: nil), SF50_Shared.NOTAMExtraction.RunwayEffect(runway: Optional(""09R/27L""), closure: SF50_Shared.NOTAMExtraction.Closure.partial, closedLength: Optional(SF50_Shared.NOTAMExtraction.Length(value: 1713.0, unit: SF50_Shared.NOTAMExtraction.LengthUnit.ft)), closedEnd: Optional(""W""), thresholdDisplacement: nil, declaredDistances: nil, surfaceCondition: nil, obstacle: nil), SF50_Shared.NOTAMExtraction.RunwayEffect(runway: Optional(""27L""), closure: SF50_Shared.NOTAMExtraction.Closure.none, closedLength: nil, closedEnd: nil, thresholdDisplacement: nil, declaredDistances: Optional(SF50_Shared.NOTAMExtraction.DeclaredDistances(TORA: Optional(SF50_Shared.NOTAMExtraction.Length(value: 6787.0, unit: SF50_Shared.NOTAMExtraction.LengthUnit.ft)), TODA: Optional(SF50_Shared.NOTAMExtraction.Length(value: 6787.0, unit: SF50_Shared.NOTAMExtraction.LengthUnit.ft)), ASDA: Optional(SF50_Shared.NOTAMExtraction.Length(value: 6787.0, unit: SF50_Shared.NOTAMExtraction.LengthUnit.ft)), LDA: Optional(SF50_Shared.NOTAMExtraction.Length(value: 6787.0, unit: SF50_Shared.NOTAMExtraction.LengthUnit.ft)))), surfaceCondition: nil, obstacle: nil)])), expectations: nil))","NOTAMReading(value: SF50_Shared.NOTAMExtraction(isCanceled: false, effects: [SF50_Shared.NOTAMExtraction.RunwayEffect(runway: Optional(""09R""), closure: SF50_Shared.NOTAMExtraction.Closure.full, closedLength: Optional(SF50_Shared.NOTAMExtraction.Length(value: 6787.0, unit: SF50_Shared.NOTAMExtraction.LengthUnit.ft)), closedEnd: Optional(""TORA""), thresholdDisplacement: nil, declaredDistances: Optional(SF50_Shared.NOTAMExtraction.DeclaredDistances(TORA: Optional(SF50_Shared.NOTAMExtraction.Length(value: 6787.0, unit: SF50_Shared.NOTAMExtraction.LengthUnit.ft)), TODA: Optional(SF50_Shared.NOTAMExtraction.Length(value: 6787.0, unit: SF50_Shared.NOTAMExtraction.LengthUnit.ft)), ASDA: Optional(SF50_Shared.NOTAMExtraction.Length(value: 6787.0, unit: SF50_Shared.NOTAMExtraction.LengthUnit.ft)), LDA: Optional(SF50_Shared.NOTAMExtraction.Length(value: 6787.0, unit: SF50_Shared.NOTAMExtraction.LengthUnit.ft)))), surfaceCondition: Optional(SF50_Shared.NOTAMExtraction.SurfaceCondition(rwyCC: nil, contaminants: [])), obstacle: Optional(SF50_Shared.NOTAMExtraction.Obstacle(heightAGL: nil, heightMSL: nil, distance: nil, distanceReference: nil, bearingDegrees: nil, latitude: nil, longitude: nil)))]), unreadable: nil)","NOTAMExtraction(isCanceled: false, effects: [SF50_Shared.NOTAMExtraction.RunwayEffect(runway: Optional(""09R""), closure: SF50_Shared.NOTAMExtraction.Closure.none, closedLength: nil, closedEnd: nil, thresholdDisplacement: nil, declaredDistances: Optional(SF50_Shared.NOTAMExtraction.DeclaredDistances(TORA: Optional(SF50_Shared.NOTAMExtraction.Length(value: 6787.0, unit: SF50_Shared.NOTAMExtraction.LengthUnit.ft)), TODA: Optional(SF50_Shared.NOTAMExtraction.Length(value: 6787.0, unit: SF50_Shared.NOTAMExtraction.LengthUnit.ft)), ASDA: Optional(SF50_Shared.NOTAMExtraction.Length(value: 6787.0, unit: SF50_Shared.NOTAMExtraction.LengthUnit.ft)), LDA: Optional(SF50_Shared.NOTAMExtraction.Length(value: 6787.0, unit: SF50_Shared.NOTAMExtraction.LengthUnit.ft)))), surfaceCondition: nil, obstacle: nil), SF50_Shared.NOTAMExtraction.RunwayEffect(runway: Optional(""09R/27L""), closure: SF50_Shared.NOTAMExtraction.Closure.partial, closedLength: Optional(SF50_Shared.NOTAMExtraction.Length(value: 1713.0, unit: SF50_Shared.NOTAMExtraction.LengthUnit.ft)), closedEnd: Optional(""W""), thresholdDisplacement: nil, declaredDistances: nil, surfaceCondition: nil, obstacle: nil), SF50_Shared.NOTAMExtraction.RunwayEffect(runway: Optional(""27L""), closure: SF50_Shared.NOTAMExtraction.Closure.none, closedLength: nil, closedEnd: nil, thresholdDisplacement: nil, declaredDistances: Optional(SF50_Shared.NOTAMExtraction.DeclaredDistances(TORA: Optional(SF50_Shared.NOTAMExtraction.Length(value: 6787.0, unit: SF50_Shared.NOTAMExtraction.LengthUnit.ft)), TODA: Optional(SF50_Shared.NOTAMExtraction.Length(value: 6787.0, unit: SF50_Shared.NOTAMExtraction.LengthUnit.ft)), ASDA: Optional(SF50_Shared.NOTAMExtraction.Length(value: 6787.0, unit: SF50_Shared.NOTAMExtraction.LengthUnit.ft)), LDA: Optional(SF50_Shared.NOTAMExtraction.Length(value: 6787.0, unit: SF50_Shared.NOTAMExtraction.LengthUnit.ft)))), surfaceCondition: nil, obstacle: nil)])","Metric(readable, passing)","Metric(proposesNothing, ignore)","Metric(isCanceled recall, ignore)","Metric(isCanceled safety, passing)","Metric(closure recall, failing, rationale: 09R: invented; 09R/27L: missed)","Metric(closure safety, failing, rationale: 09R: invented; 09R/27L: missed)","Metric(closedLength recall, failing, rationale: 09R: invented; 09R/27L: missed)","Metric(closedLength safety, failing, rationale: 09R: invented; 09R/27L: missed)","Metric(closedEnd recall, failing, rationale: 09R: invented; 09R/27L: missed)","Metric(closedEnd safety, failing, rationale: 09R: invented; 09R/27L: missed)","Metric(thresholdDisplacement recall, ignore)","Metric(thresholdDisplacement safety, ignore)","Metric(TORA recall, failing, rationale: 27L: missed)","Metric(TORA safety, passing)","Metric(TODA recall, failing, rationale: 27L: missed)","Metric(TODA safety, passing)","Metric(ASDA recall, failing, rationale: 27L: missed)","Metric(ASDA safety, passing)","Metric(LDA recall, failing, rationale: 27L: missed)","Metric(LDA safety, passing)","Metric(rwyCC recall, ignore)","Metric(rwyCC safety, ignore)","Metric(contaminants recall, ignore)","Metric(contaminants safety, failing, rationale: 09R: invented)","Metric(obstacleHeightAGL recall, ignore)","Metric(obstacleHeightAGL safety, ignore)","Metric(obstacleHeightMSL recall, ignore)","Metric(obstacleHeightMSL safety, ignore)","Metric(obstaclePosition recall, ignore)","Metric(obstaclePosition safety, ignore)"
"ModelSample<NOTAMExtraction>(input: Location: AYKI

RWY 07 DTHR 210M DUE PAVEMENT RESURFACING WIP. AVBL LEN 990M.
DECLARED DIST:
RWY   TORA   ASDA   TODA   LDA
07    1090   1090   1150   990
25    1090   1090   1090   990
RMK:
1. WORKS AREA DENOTED BY UNSERVICEABILITY CONE MARKERS
3. ACFT TO CIRCLE TO ALLOW MEN AND EQPT TO VACATE
4. ACCESS TO EXISTING APN VIA TWY A AND B., output: Evaluations.ModelSampleOutput<SF50_Shared.NOTAMExtraction, Evaluations.TrajectoryExpectation>(value: Optional(SF50_Shared.NOTAMExtraction(isCanceled: false, effects: [SF50_Shared.NOTAMExtraction.RunwayEffect(runway: Optional(""07""), closure: SF50_Shared.NOTAMExtraction.Closure.none, closedLength: nil, closedEnd: nil, thresholdDisplacement: Optional(SF50_Shared.NOTAMExtraction.Length(value: 210.0, unit: SF50_Shared.NOTAMExtraction.LengthUnit.m)), declaredDistances: Optional(SF50_Shared.NOTAMExtraction.DeclaredDistances(TORA: Optional(SF50_Shared.NOTAMExtraction.Length(value: 1090.0, unit: SF50_Shared.NOTAMExtraction.LengthUnit.m)), TODA: Optional(SF50_Shared.NOTAMExtraction.Length(value: 1150.0, unit: SF50_Shared.NOTAMExtraction.LengthUnit.m)), ASDA: Optional(SF50_Shared.NOTAMExtraction.Length(value: 1090.0, unit: SF50_Shared.NOTAMExtraction.LengthUnit.m)), LDA: Optional(SF50_Shared.NOTAMExtraction.Length(value: 990.0, unit: SF50_Shared.NOTAMExtraction.LengthUnit.m)))), surfaceCondition: nil, obstacle: nil), SF50_Shared.NOTAMExtraction.RunwayEffect(runway: Optional(""25""), closure: SF50_Shared.NOTAMExtraction.Closure.none, closedLength: nil, closedEnd: nil, thresholdDisplacement: nil, declaredDistances: Optional(SF50_Shared.NOTAMExtraction.DeclaredDistances(TORA: Optional(SF50_Shared.NOTAMExtraction.Length(value: 1090.0, unit: SF50_Shared.NOTAMExtraction.LengthUnit.m)), TODA: Optional(SF50_Shared.NOTAMExtraction.Length(value: 1090.0, unit: SF50_Shared.NOTAMExtraction.LengthUnit.m)), ASDA: Optional(SF50_Shared.NOTAMExtraction.Length(value: 1090.0, unit: SF50_Shared.NOTAMExtraction.LengthUnit.m)), LDA: Optional(SF50_Shared.NOTAMExtraction.Length(value: 990.0, unit: SF50_Shared.NOTAMExtraction.LengthUnit.m)))), surfaceCondition: nil, obstacle: nil)])), expectations: nil))","NOTAMReading(value: SF50_Shared.NOTAMExtraction(isCanceled: false, effects: [SF50_Shared.NOTAMExtraction.RunwayEffect(runway: Optional(""07""), closure: SF50_Shared.NOTAMExtraction.Closure.none, closedLength: nil, closedEnd: nil, thresholdDisplacement: nil, declaredDistances: Optional(SF50_Shared.NOTAMExtraction.DeclaredDistances(TORA: Optional(SF50_Shared.NOTAMExtraction.Length(value: 1090.0, unit: SF50_Shared.NOTAMExtraction.LengthUnit.ft)), TODA: Optional(SF50_Shared.NOTAMExtraction.Length(value: 1090.0, unit: SF50_Shared.NOTAMExtraction.LengthUnit.ft)), ASDA: Optional(SF50_Shared.NOTAMExtraction.Length(value: 1090.0, unit: SF50_Shared.NOTAMExtraction.LengthUnit.ft)), LDA: Optional(SF50_Shared.NOTAMExtraction.Length(value: 990.0, unit: SF50_Shared.NOTAMExtraction.LengthUnit.ft)))), surfaceCondition: nil, obstacle: nil), SF50_Shared.NOTAMExtraction.RunwayEffect(runway: Optional(""25""), closure: SF50_Shared.NOTAMExtraction.Closure.none, closedLength: nil, closedEnd: nil, thresholdDisplacement: nil, declaredDistances: Optional(SF50_Shared.NOTAMExtraction.DeclaredDistances(TORA: Optional(SF50_Shared.NOTAMExtraction.Length(value: 1090.0, unit: SF50_Shared.NOTAMExtraction.LengthUnit.ft)), TODA: Optional(SF50_Shared.NOTAMExtraction.Length(value: 1090.0, unit: SF50_Shared.NOTAMExtraction.LengthUnit.ft)), ASDA: Optional(SF50_Shared.NOTAMExtraction.Length(value: 1090.0, unit: SF50_Shared.NOTAMExtraction.LengthUnit.ft)), LDA: Optional(SF50_Shared.NOTAMExtraction.Length(value: 990.0, unit: SF50_Shared.NOTAMExtraction.LengthUnit.ft)))), surfaceCondition: nil, obstacle: nil)]), unreadable: nil)","NOTAMExtraction(isCanceled: false, effects: [SF50_Shared.NOTAMExtraction.RunwayEffect(runway: Optional(""07""), closure: SF50_Shared.NOTAMExtraction.Closure.none, closedLength: nil, closedEnd: nil, thresholdDisplacement: Optional(SF50_Shared.NOTAMExtraction.Length(value: 210.0, unit: SF50_Shared.NOTAMExtraction.LengthUnit.m)), declaredDistances: Optional(SF50_Shared.NOTAMExtraction.DeclaredDistances(TORA: Optional(SF50_Shared.NOTAMExtraction.Length(value: 1090.0, unit: SF50_Shared.NOTAMExtraction.LengthUnit.m)), TODA: Optional(SF50_Shared.NOTAMExtraction.Length(value: 1150.0, unit: SF50_Shared.NOTAMExtraction.LengthUnit.m)), ASDA: Optional(SF50_Shared.NOTAMExtraction.Length(value: 1090.0, unit: SF50_Shared.NOTAMExtraction.LengthUnit.m)), LDA: Optional(SF50_Shared.NOTAMExtraction.Length(value: 990.0, unit: SF50_Shared.NOTAMExtraction.LengthUnit.m)))), surfaceCondition: nil, obstacle: nil), SF50_Shared.NOTAMExtraction.RunwayEffect(runway: Optional(""25""), closure: SF50_Shared.NOTAMExtraction.Closure.none, closedLength: nil, closedEnd: nil, thresholdDisplacement: nil, declaredDistances: Optional(SF50_Shared.NOTAMExtraction.DeclaredDistances(TORA: Optional(SF50_Shared.NOTAMExtraction.Length(value: 1090.0, unit: SF50_Shared.NOTAMExtraction.LengthUnit.m)), TODA: Optional(SF50_Shared.NOTAMExtraction.Length(value: 1090.0, unit: SF50_Shared.NOTAMExtraction.LengthUnit.m)), ASDA: Optional(SF50_Shared.NOTAMExtraction.Length(value: 1090.0, unit: SF50_Shared.NOTAMExtraction.LengthUnit.m)), LDA: Optional(SF50_Shared.NOTAMExtraction.Length(value: 990.0, unit: SF50_Shared.NOTAMExtraction.LengthUnit.m)))), surfaceCondition: nil, obstacle: nil)])","Metric(readable, passing)","Metric(proposesNothing, ignore)","Metric(isCanceled recall, ignore)","Metric(isCanceled safety, passing)","Metric(closure recall, ignore)","Metric(closure safety, ignore)","Metric(closedLength recall, ignore)","Metric(closedLength safety, ignore)","Metric(closedEnd recall, ignore)","Metric(closedEnd safety, ignore)","Metric(thresholdDisplacement recall, failing, rationale: 07: missed)","Metric(thresholdDisplacement safety, passing)","Metric(TORA recall, failing, rationale: 07: wrong; 25: wrong)","Metric(TORA safety, failing, rationale: 07: wrong; 25: wrong)","Metric(TODA recall, failing, rationale: 07: wrong; 25: wrong)","Metric(TODA safety, failing, rationale: 07: wrong; 25: wrong)","Metric(ASDA recall, failing, rationale: 07: wrong; 25: wrong)","Metric(ASDA safety, failing, rationale: 07: wrong; 25: wrong)","Metric(LDA recall, failing, rationale: 07: wrong; 25: wrong)","Metric(LDA safety, failing, rationale: 07: wrong; 25: wrong)","Metric(rwyCC recall, ignore)","Metric(rwyCC safety, ignore)","Metric(contaminants recall, ignore)","Metric(contaminants safety, ignore)","Metric(obstacleHeightAGL recall, ignore)","Metric(obstacleHeightAGL safety, ignore)","Metric(obstacleHeightMSL recall, ignore)","Metric(obstacleHeightMSL safety, ignore)","Metric(obstaclePosition recall, ignore)","Metric(obstaclePosition safety, ignore)"
"ModelSample<NOTAMExtraction>(input: Location: EDGQ

THR RWY 27 DISPLACED 200M INWARDS. 
DECLARED DISTANCES CHANGED:
TORA: 690M.
LDA: 690M., output: Evaluations.ModelSampleOutput<SF50_Shared.NOTAMExtraction, Evaluations.TrajectoryExpectation>(value: Optional(SF50_Shared.NOTAMExtraction(isCanceled: false, effects: [SF50_Shared.NOTAMExtraction.RunwayEffect(runway: Optional(""27""), closure: SF50_Shared.NOTAMExtraction.Closure.none, closedLength: nil, closedEnd: nil, thresholdDisplacement: Optional(SF50_Shared.NOTAMExtraction.Length(value: 200.0, unit: SF50_Shared.NOTAMExtraction.LengthUnit.m)), declaredDistances: Optional(SF50_Shared.NOTAMExtraction.DeclaredDistances(TORA: Optional(SF50_Shared.NOTAMExtraction.Length(value: 690.0, unit: SF50_Shared.NOTAMExtraction.LengthUnit.m)), TODA: nil, ASDA: nil, LDA: Optional(SF50_Shared.NOTAMExtraction.Length(value: 690.0, unit: SF50_Shared.NOTAMExtraction.LengthUnit.m)))), surfaceCondition: nil, obstacle: nil)])), expectations: nil))","NOTAMReading(value: SF50_Shared.NOTAMExtraction(isCanceled: false, effects: [SF50_Shared.NOTAMExtraction.RunwayEffect(runway: Optional(""27""), closure: SF50_Shared.NOTAMExtraction.Closure.partial, closedLength: Optional(SF50_Shared.NOTAMExtraction.Length(value: 200.0, unit: SF50_Shared.NOTAMExtraction.LengthUnit.m)), closedEnd: Optional(""THR""), thresholdDisplacement: Optional(SF50_Shared.NOTAMExtraction.Length(value: 200.0, unit: SF50_Shared.NOTAMExtraction.LengthUnit.m)), declaredDistances: Optional(SF50_Shared.NOTAMExtraction.DeclaredDistances(TORA: Optional(SF50_Shared.NOTAMExtraction.Length(value: 690.0, unit: SF50_Shared.NOTAMExtraction.LengthUnit.m)), TODA: Optional(SF50_Shared.NOTAMExtraction.Length(value: 690.0, unit: SF50_Shared.NOTAMExtraction.LengthUnit.m)), ASDA: Optional(SF50_Shared.NOTAMExtraction.Length(value: 690.0, unit: SF50_Shared.NOTAMExtraction.LengthUnit.m)), LDA: Optional(SF50_Shared.NOTAMExtraction.Length(value: 690.0, unit: SF50_Shared.NOTAMExtraction.LengthUnit.m)))), surfaceCondition: Optional(SF50_Shared.NOTAMExtraction.SurfaceCondition(rwyCC: nil, contaminants: [SF50_Shared.NOTAMExtraction.Contaminant(type: SF50_Shared.NOTAMExtraction.ContaminantType.drySnow, runwayThird: Optional(1), coveragePercent: Optional(100), depth: Optional(SF50_Shared.NOTAMExtraction.Depth(value: 0.0, unit: SF50_Shared.NOTAMExtraction.DepthUnit.mm))), SF50_Shared.NOTAMExtraction.Contaminant(type: SF50_Shared.NOTAMExtraction.ContaminantType.drySnow, runwayThird: Optional(2), coveragePercent: Optional(100), depth: Optional(SF50_Shared.NOTAMExtraction.Depth(value: 0.0, unit: SF50_Shared.NOTAMExtraction.DepthUnit.mm))), SF50_Shared.NOTAMExtraction.Contaminant(type: SF50_Shared.NOTAMExtraction.ContaminantType.drySnow, runwayThird: Optional(3), coveragePercent: Optional(100), depth: Optional(SF50_Shared.NOTAMExtraction.Depth(value: 0.0, unit: SF50_Shared.NOTAMExtraction.DepthUnit.mm)))])), obstacle: Optional(SF50_Shared.NOTAMExtraction.Obstacle(heightAGL: Optional(SF50_Shared.NOTAMExtraction.Length(value: 0.0, unit: SF50_Shared.NOTAMExtraction.LengthUnit.m)), heightMSL: Optional(SF50_Shared.NOTAMExtraction.Length(value: 0.0, unit: SF50_Shared.NOTAMExtraction.LengthUnit.ft)), distance: Optional(SF50_Shared.NOTAMExtraction.Distance(value: 0.0, unit: SF50_Shared.NOTAMExtraction.DistanceUnit.m)), distanceReference: Optional(""27""), bearingDegrees: nil, latitude: nil, longitude: nil)))]), unreadable: nil)","NOTAMExtraction(isCanceled: false, effects: [SF50_Shared.NOTAMExtraction.RunwayEffect(runway: Optional(""27""), closure: SF50_Shared.NOTAMExtraction.Closure.none, closedLength: nil, closedEnd: nil, thresholdDisplacement: Optional(SF50_Shared.NOTAMExtraction.Length(value: 200.0, unit: SF50_Shared.NOTAMExtraction.LengthUnit.m)), declaredDistances: Optional(SF50_Shared.NOTAMExtraction.DeclaredDistances(TORA: Optional(SF50_Shared.NOTAMExtraction.Length(value: 690.0, unit: SF50_Shared.NOTAMExtraction.LengthUnit.m)), TODA: nil, ASDA: nil, LDA: Optional(SF50_Shared.NOTAMExtraction.Length(value: 690.0, unit: SF50_Shared.NOTAMExtraction.LengthUnit.m)))), surfaceCondition: nil, obstacle: nil)])","Metric(readable, passing)","Metric(proposesNothing, ignore)","Metric(isCanceled recall, ignore)","Metric(isCanceled safety, passing)","Metric(closure recall, ignore)","Metric(closure safety, failing, rationale: 27: invented)","Metric(closedLength recall, ignore)","Metric(closedLength safety, failing, rationale: 27: invented)","Metric(closedEnd recall, ignore)","Metric(closedEnd safety, failing, rationale: 27: invented)","Metric(thresholdDisplacement recall, passing)","Metric(thresholdDisplacement safety, passing)","Metric(TORA recall, passing)","Metric(TORA safety, passing)","Metric(TODA recall, ignore)","Metric(TODA safety, failing, rationale: 27: invented)","Metric(ASDA recall, ignore)","Metric(ASDA safety, failing, rationale: 27: invented)","Metric(LDA recall, passing)","Metric(LDA safety, passing)","Metric(rwyCC recall, ignore)","Metric(rwyCC safety, ignore)","Metric(contaminants recall, ignore)","Metric(contaminants safety, failing, rationale: 27: invented)","Metric(obstacleHeightAGL recall, ignore)","Metric(obstacleHeightAGL safety, failing, rationale: 27: invented)","Metric(obstacleHeightMSL recall, ignore)","Metric(obstacleHeightMSL safety, failing, rationale: 27: invented)","Metric(obstaclePosition recall, ignore)","Metric(obstaclePosition safety, ignore)"
"ModelSample<NOTAMExtraction>(input: Location: NZNR

THR RWY 34 DISPLACED 320M. RWY 16/34 EFFECTIVE OPR LENGTH 1420M.
DISPLACED THR LIGHT OPR, output: Evaluations.ModelSampleOutput<SF50_Shared.NOTAMExtraction, Evaluations.TrajectoryExpectation>(value: Optional(SF50_Shared.NOTAMExtraction(isCanceled: false, effects: [SF50_Shared.NOTAMExtraction.RunwayEffect(runway: Optional(""34""), closure: SF50_Shared.NOTAMExtraction.Closure.none, closedLength: nil, closedEnd: nil, thresholdDisplacement: Optional(SF50_Shared.NOTAMExtraction.Length(value: 320.0, unit: SF50_Shared.NOTAMExtraction.LengthUnit.m)), declaredDistances: nil, surfaceCondition: nil, obstacle: nil)])), expectations: nil))","NOTAMReading(value: SF50_Shared.NOTAMExtraction(isCanceled: false, effects: [SF50_Shared.NOTAMExtraction.RunwayEffect(runway: Optional(""09/34""), closure: SF50_Shared.NOTAMExtraction.Closure.partial, closedLength: Optional(SF50_Shared.NOTAMExtraction.Length(value: 1420.0, unit: SF50_Shared.NOTAMExtraction.LengthUnit.m)), closedEnd: Optional(""THR""), thresholdDisplacement: Optional(SF50_Shared.NOTAMExtraction.Length(value: 320.0, unit: SF50_Shared.NOTAMExtraction.LengthUnit.m)), declaredDistances: Optional(SF50_Shared.NOTAMExtraction.DeclaredDistances(TORA: Optional(SF50_Shared.NOTAMExtraction.Length(value: 1420.0, unit: SF50_Shared.NOTAMExtraction.LengthUnit.m)), TODA: Optional(SF50_Shared.NOTAMExtraction.Length(value: 1420.0, unit: SF50_Shared.NOTAMExtraction.LengthUnit.m)), ASDA: Optional(SF50_Shared.NOTAMExtraction.Length(value: 1420.0, unit: SF50_Shared.NOTAMExtraction.LengthUnit.m)), LDA: Optional(SF50_Shared.NOTAMExtraction.Length(value: 1420.0, unit: SF50_Shared.NOTAMExtraction.LengthUnit.m)))), surfaceCondition: Optional(SF50_Shared.NOTAMExtraction.SurfaceCondition(rwyCC: nil, contaminants: [SF50_Shared.NOTAMExtraction.Contaminant(type: SF50_Shared.NOTAMExtraction.ContaminantType.wet, runwayThird: Optional(1), coveragePercent: Optional(100), depth: Optional(SF50_Shared.NOTAMExtraction.Depth(value: 0.0, unit: SF50_Shared.NOTAMExtraction.DepthUnit.mm)))])), obstacle: Optional(SF50_Shared.NOTAMExtraction.Obstacle(heightAGL: Optional(SF50_Shared.NOTAMExtraction.Length(value: 0.0, unit: SF50_Shared.NOTAMExtraction.LengthUnit.m)), heightMSL: Optional(SF50_Shared.NOTAMExtraction.Length(value: 0.0, unit: SF50_Shared.NOTAMExtraction.LengthUnit.ft)), distance: Optional(SF50_Shared.NOTAMExtraction.Distance(value: 0.0, unit: SF50_Shared.NOTAMExtraction.DistanceUnit.m)), distanceReference: Optional(""09""), bearingDegrees: nil, latitude: nil, longitude: nil)))]), unreadable: nil)","NOTAMExtraction(isCanceled: false, effects: [SF50_Shared.NOTAMExtraction.RunwayEffect(runway: Optional(""34""), closure: SF50_Shared.NOTAMExtraction.Closure.none, closedLength: nil, closedEnd: nil, thresholdDisplacement: Optional(SF50_Shared.NOTAMExtraction.Length(value: 320.0, unit: SF50_Shared.NOTAMExtraction.LengthUnit.m)), declaredDistances: nil, surfaceCondition: nil, obstacle: nil)])","Metric(readable, passing)","Metric(proposesNothing, ignore)","Metric(isCanceled recall, ignore)","Metric(isCanceled safety, passing)","Metric(closure recall, ignore)","Metric(closure safety, failing, rationale: 09/34: invented)","Metric(closedLength recall, ignore)","Metric(closedLength safety, failing, rationale: 09/34: invented)","Metric(closedEnd recall, ignore)","Metric(closedEnd safety, failing, rationale: 09/34: invented)","Metric(thresholdDisplacement recall, failing, rationale: 09/34: invented; 34: missed)","Metric(thresholdDisplacement safety, failing, rationale: 09/34: invented; 34: missed)","Metric(TORA recall, ignore)","Metric(TORA safety, failing, rationale: 09/34: invented)","Metric(TODA recall, ignore)","Metric(TODA safety, failing, rationale: 09/34: invented)","Metric(ASDA recall, ignore)","Metric(ASDA safety, failing, rationale: 09/34: invented)","Metric(LDA recall, ignore)","Metric(LDA safety, failing, rationale: 09/34: invented)","Metric(rwyCC recall, ignore)","Metric(rwyCC safety, ignore)","Metric(contaminants recall, ignore)","Metric(contaminants safety, failing, rationale: 09/34: invented)","Metric(obstacleHeightAGL recall, ignore)","Metric(obstacleHeightAGL safety, failing, rationale: 09/34: invented)","Metric(obstacleHeightMSL recall, ignore)","Metric(obstacleHeightMSL safety, failing, rationale: 09/34: invented)","Metric(obstaclePosition recall, ignore)","Metric(obstaclePosition safety, ignore)"
"ModelSample<NOTAMExtraction>(input: Location: NKX

RWY 24L/6R CLOSED FIRST 1,500 FT FOR CONCRETE DEMO. LAST 6,500 FT OF RWY USED FOR CONSTRUCTION VEHICLES AND HAUL ROUTES., output: Evaluations.ModelSampleOutput<SF50_Shared.NOTAMExtraction, Evaluations.TrajectoryExpectation>(value: Optional(SF50_Shared.NOTAMExtraction(isCanceled: false, effects: [SF50_Shared.NOTAMExtraction.RunwayEffect(runway: Optional(""24L/06R""), closure: SF50_Shared.NOTAMExtraction.Closure.partial, closedLength: Optional(SF50_Shared.NOTAMExtraction.Length(value: 1500.0, unit: SF50_Shared.NOTAMExtraction.LengthUnit.ft)), closedEnd: nil, thresholdDisplacement: nil, declaredDistances: nil, surfaceCondition: nil, obstacle: nil)])), expectations: nil))","NOTAMReading(value: SF50_Shared.NOTAMExtraction(isCanceled: false, effects: [SF50_Shared.NOTAMExtraction.RunwayEffect(runway: Optional(""06R""), closure: SF50_Shared.NOTAMExtraction.Closure.partial, closedLength: nil, closedEnd: Optional(""FIRST""), thresholdDisplacement: nil, declaredDistances: Optional(SF50_Shared.NOTAMExtraction.DeclaredDistances(TORA: nil, TODA: nil, ASDA: nil, LDA: nil)), surfaceCondition: Optional(SF50_Shared.NOTAMExtraction.SurfaceCondition(rwyCC: nil, contaminants: [])), obstacle: nil)]), unreadable: nil)","NOTAMExtraction(isCanceled: false, effects: [SF50_Shared.NOTAMExtraction.RunwayEffect(runway: Optional(""24L/06R""), closure: SF50_Shared.NOTAMExtraction.Closure.partial, closedLength: Optional(SF50_Shared.NOTAMExtraction.Length(value: 1500.0, unit: SF50_Shared.NOTAMExtraction.LengthUnit.ft)), closedEnd: nil, thresholdDisplacement: nil, declaredDistances: nil, surfaceCondition: nil, obstacle: nil)])","Metric(readable, passing)","Metric(proposesNothing, ignore)","Metric(isCanceled recall, ignore)","Metric(isCanceled safety, passing)","Metric(closure recall, failing, rationale: 06R: invented; 24L/06R: missed)","Metric(closure safety, failing, rationale: 06R: invented; 24L/06R: missed)","Metric(closedLength recall, failing, rationale: 24L/06R: missed)","Metric(closedLength safety, passing)","Metric(closedEnd recall, ignore)","Metric(closedEnd safety, failing, rationale: 06R: invented)","Metric(thresholdDisplacement recall, ignore)","Metric(thresholdDisplacement safety, ignore)","Metric(TORA recall, ignore)","Metric(TORA safety, ignore)","Metric(TODA recall, ignore)","Metric(TODA safety, ignore)","Metric(ASDA recall, ignore)","Metric(ASDA safety, ignore)","Metric(LDA recall, ignore)","Metric(LDA safety, ignore)","Metric(rwyCC recall, ignore)","Metric(rwyCC safety, ignore)","Metric(contaminants recall, ignore)","Metric(contaminants safety, failing, rationale: 06R: invented)","Metric(obstacleHeightAGL recall, ignore)","Metric(obstacleHeightAGL safety, ignore)","Metric(obstacleHeightMSL recall, ignore)","Metric(obstacleHeightMSL safety, ignore)","Metric(obstaclePosition recall, ignore)","Metric(obstaclePosition safety, ignore)"
"ModelSample<NOTAMExtraction>(input: Location: SBTA

RWY 08 FST 100M AND RWY 26 LAST 100M CLSD DUE TO HOLE
RMK: THIS AERONAUTICAL INFORMATION WILL BE EXTENDED BY AN AIP SUP, output: Evaluations.ModelSampleOutput<SF50_Shared.NOTAMExtraction, Evaluations.TrajectoryExpectation>(value: Optional(SF50_Shared.NOTAMExtraction(isCanceled: false, effects: [SF50_Shared.NOTAMExtraction.RunwayEffect(runway: Optional(""08""), closure: SF50_Shared.NOTAMExtraction.Closure.partial, closedLength: Optional(SF50_Shared.NOTAMExtraction.Length(value: 100.0, unit: SF50_Shared.NOTAMExtraction.LengthUnit.m)), closedEnd: Optional(""thresholdEnd""), thresholdDisplacement: nil, declaredDistances: nil, surfaceCondition: nil, obstacle: nil), SF50_Shared.NOTAMExtraction.RunwayEffect(runway: Optional(""26""), closure: SF50_Shared.NOTAMExtraction.Closure.partial, closedLength: Optional(SF50_Shared.NOTAMExtraction.Length(value: 100.0, unit: SF50_Shared.NOTAMExtraction.LengthUnit.m)), closedEnd: Optional(""departureEnd""), thresholdDisplacement: nil, declaredDistances: nil, surfaceCondition: nil, obstacle: nil)])), expectations: nil))","NOTAMReading(value: SF50_Shared.NOTAMExtraction(isCanceled: false, effects: [SF50_Shared.NOTAMExtraction.RunwayEffect(runway: Optional(""08""), closure: SF50_Shared.NOTAMExtraction.Closure.partial, closedLength: nil, closedEnd: Optional(""W""), thresholdDisplacement: nil, declaredDistances: nil, surfaceCondition: nil, obstacle: nil), SF50_Shared.NOTAMExtraction.RunwayEffect(runway: Optional(""26""), closure: SF50_Shared.NOTAMExtraction.Closure.partial, closedLength: nil, closedEnd: Optional(""L""), thresholdDisplacement: nil, declaredDistances: nil, surfaceCondition: nil, obstacle: nil)]), unreadable: nil)","NOTAMExtraction(isCanceled: false, effects: [SF50_Shared.NOTAMExtraction.RunwayEffect(runway: Optional(""08""), closure: SF50_Shared.NOTAMExtraction.Closure.partial, closedLength: Optional(SF50_Shared.NOTAMExtraction.Length(value: 100.0, unit: SF50_Shared.NOTAMExtraction.LengthUnit.m)), closedEnd: Optional(""thresholdEnd""), thresholdDisplacement: nil, declaredDistances: nil, surfaceCondition: nil, obstacle: nil), SF50_Shared.NOTAMExtraction.RunwayEffect(runway: Optional(""26""), closure: SF50_Shared.NOTAMExtraction.Closure.partial, closedLength: Optional(SF50_Shared.NOTAMExtraction.Length(value: 100.0, unit: SF50_Shared.NOTAMExtraction.LengthUnit.m)), closedEnd: Optional(""departureEnd""), thresholdDisplacement: nil, declaredDistances: nil, surfaceCondition: nil, obstacle: nil)])","Metric(readable, passing)","Metric(proposesNothing, ignore)","Metric(isCanceled recall, ignore)","Metric(isCanceled safety, passing)","Metric(closure recall, passing)","Metric(closure safety, passing)","Metric(closedLength recall, failing, rationale: 08: missed; 26: missed)","Metric(closedLength safety, passing)","Metric(closedEnd recall, failing, rationale: 08: wrong; 26: wrong)","Metric(closedEnd safety, failing, rationale: 08: wrong; 26: wrong)","Metric(thresholdDisplacement recall, ignore)","Metric(thresholdDisplacement safety, ignore)","Metric(TORA recall, ignore)","Metric(TORA safety, ignore)","Metric(TODA recall, ignore)","Metric(TODA safety, ignore)","Metric(ASDA recall, ignore)","Metric(ASDA safety, ignore)","Metric(LDA recall, ignore)","Metric(LDA safety, ignore)","Metric(rwyCC recall, ignore)","Metric(rwyCC safety, ignore)","Metric(contaminants recall, ignore)","Metric(contaminants safety, ignore)","Metric(obstacleHeightAGL recall, ignore)","Metric(obstacleHeightAGL safety, ignore)","Metric(obstacleHeightMSL recall, ignore)","Metric(obstacleHeightMSL safety, ignore)","Metric(obstaclePosition recall, ignore)","Metric(obstaclePosition safety, ignore)"
"ModelSample<NOTAMExtraction>(input: Location: NZCH

RWY 02/20 CLSD DUE WIP, output: Evaluations.ModelSampleOutput<SF50_Shared.NOTAMExtraction, Evaluations.TrajectoryExpectation>(value: Optional(SF50_Shared.NOTAMExtraction(isCanceled: false, effects: [SF50_Shared.NOTAMExtraction.RunwayEffect(runway: Optional(""02/20""), closure: SF50_Shared.NOTAMExtraction.Closure.full, closedLength: nil, closedEnd: nil, thresholdDisplacement: nil, declaredDistances: nil, surfaceCondition: nil, obstacle: nil)])), expectations: nil))","NOTAMReading(value: SF50_Shared.NOTAMExtraction(isCanceled: false, effects: [SF50_Shared.NOTAMExtraction.RunwayEffect(runway: Optional(""02""), closure: SF50_Shared.NOTAMExtraction.Closure.full, closedLength: nil, closedEnd: nil, thresholdDisplacement: nil, declaredDistances: nil, surfaceCondition: nil, obstacle: nil)]), unreadable: nil)","NOTAMExtraction(isCanceled: false, effects: [SF50_Shared.NOTAMExtraction.RunwayEffect(runway: Optional(""02/20""), closure: SF50_Shared.NOTAMExtraction.Closure.full, closedLength: nil, closedEnd: nil, thresholdDisplacement: nil, declaredDistances: nil, surfaceCondition: nil, obstacle: nil)])","Metric(readable, passing)","Metric(proposesNothing, ignore)","Metric(isCanceled recall, ignore)","Metric(isCanceled safety, passing)","Metric(closure recall, failing, rationale: 02: invented; 02/20: missed)","Metric(closure safety, failing, rationale: 02: invented; 02/20: missed)","Metric(closedLength recall, ignore)","Metric(closedLength safety, ignore)","Metric(closedEnd recall, ignore)","Metric(closedEnd safety, ignore)","Metric(thresholdDisplacement recall, ignore)","Metric(thresholdDisplacement safety, ignore)","Metric(TORA recall, ignore)","Metric(TORA safety, ignore)","Metric(TODA recall, ignore)","Metric(TODA safety, ignore)","Metric(ASDA recall, ignore)","Metric(ASDA safety, ignore)","Metric(LDA recall, ignore)","Metric(LDA safety, ignore)","Metric(rwyCC recall, ignore)","Metric(rwyCC safety, ignore)","Metric(contaminants recall, ignore)","Metric(contaminants safety, ignore)","Metric(obstacleHeightAGL recall, ignore)","Metric(obstacleHeightAGL safety, ignore)","Metric(obstacleHeightMSL recall, ignore)","Metric(obstacleHeightMSL safety, ignore)","Metric(obstaclePosition recall, ignore)","Metric(obstaclePosition safety, ignore)"
"ModelSample<NOTAMExtraction>(input: Location: PAE

PAE RWY 16R/34L CLSD EXC SKED ACFT AND AIR CARRIERS 30MIN PPR
425-610-8411, output: Evaluations.ModelSampleOutput<SF50_Shared.NOTAMExtraction, Evaluations.TrajectoryExpectation>(value: Optional(SF50_Shared.NOTAMExtraction(isCanceled: false, effects: [SF50_Shared.NOTAMExtraction.RunwayEffect(runway: Optional(""16R/34L""), closure: SF50_Shared.NOTAMExtraction.Closure.full, closedLength: nil, closedEnd: nil, thresholdDisplacement: nil, declaredDistances: nil, surfaceCondition: nil, obstacle: nil)])), expectations: nil))","NOTAMReading(value: SF50_Shared.NOTAMExtraction(isCanceled: false, effects: [SF50_Shared.NOTAMExtraction.RunwayEffect(runway: Optional(""09R/27L""), closure: SF50_Shared.NOTAMExtraction.Closure.full, closedLength: nil, closedEnd: nil, thresholdDisplacement: nil, declaredDistances: nil, surfaceCondition: nil, obstacle: nil)]), unreadable: nil)","NOTAMExtraction(isCanceled: false, effects: [SF50_Shared.NOTAMExtraction.RunwayEffect(runway: Optional(""16R/34L""), closure: SF50_Shared.NOTAMExtraction.Closure.full, closedLength: nil, closedEnd: nil, thresholdDisplacement: nil, declaredDistances: nil, surfaceCondition: nil, obstacle: nil)])","Metric(readable, passing)","Metric(proposesNothing, ignore)","Metric(isCanceled recall, ignore)","Metric(isCanceled safety, passing)","Metric(closure recall, failing, rationale: 09R/27L: invented; 16R/34L: missed)","Metric(closure safety, failing, rationale: 09R/27L: invented; 16R/34L: missed)","Metric(closedLength recall, ignore)","Metric(closedLength safety, ignore)","Metric(closedEnd recall, ignore)","Metric(closedEnd safety, ignore)","Metric(thresholdDisplacement recall, ignore)","Metric(thresholdDisplacement safety, ignore)","Metric(TORA recall, ignore)","Metric(TORA safety, ignore)","Metric(TODA recall, ignore)","Metric(TODA safety, ignore)","Metric(ASDA recall, ignore)","Metric(ASDA safety, ignore)","Metric(LDA recall, ignore)","Metric(LDA safety, ignore)","Metric(rwyCC recall, ignore)","Metric(rwyCC safety, ignore)","Metric(contaminants recall, ignore)","Metric(contaminants safety, ignore)","Metric(obstacleHeightAGL recall, ignore)","Metric(obstacleHeightAGL safety, ignore)","Metric(obstacleHeightMSL recall, ignore)","Metric(obstacleHeightMSL safety, ignore)","Metric(obstaclePosition recall, ignore)","Metric(obstaclePosition safety, ignore)"
"ModelSample<NOTAMExtraction>(input: Location: JNU

JNU RWY 08 FICON 5/5/5 100 PCT WET DEICED LIQUID OBS AT
2511280227., output: Evaluations.ModelSampleOutput<SF50_Shared.NOTAMExtraction, Evaluations.TrajectoryExpectation>(value: Optional(SF50_Shared.NOTAMExtraction(isCanceled: false, effects: [SF50_Shared.NOTAMExtraction.RunwayEffect(runway: Optional(""08""), closure: SF50_Shared.NOTAMExtraction.Closure.none, closedLength: nil, closedEnd: nil, thresholdDisplacement: nil, declaredDistances: nil, surfaceCondition: Optional(SF50_Shared.NOTAMExtraction.SurfaceCondition(rwyCC: Optional([5, 5, 5]), contaminants: [SF50_Shared.NOTAMExtraction.Contaminant(type: SF50_Shared.NOTAMExtraction.ContaminantType.wet, runwayThird: nil, coveragePercent: Optional(100), depth: nil)])), obstacle: nil)])), expectations: nil))","NOTAMReading(value: SF50_Shared.NOTAMExtraction(isCanceled: false, effects: [SF50_Shared.NOTAMExtraction.RunwayEffect(runway: Optional(""08""), closure: SF50_Shared.NOTAMExtraction.Closure.none, closedLength: nil, closedEnd: nil, thresholdDisplacement: nil, declaredDistances: Optional(SF50_Shared.NOTAMExtraction.DeclaredDistances(TORA: nil, TODA: nil, ASDA: nil, LDA: nil)), surfaceCondition: Optional(SF50_Shared.NOTAMExtraction.SurfaceCondition(rwyCC: nil, contaminants: [SF50_Shared.NOTAMExtraction.Contaminant(type: SF50_Shared.NOTAMExtraction.ContaminantType.wet, runwayThird: Optional(1), coveragePercent: Optional(100), depth: Optional(SF50_Shared.NOTAMExtraction.Depth(value: 0.0, unit: SF50_Shared.NOTAMExtraction.DepthUnit.mm)))])), obstacle: Optional(SF50_Shared.NOTAMExtraction.Obstacle(heightAGL: nil, heightMSL: nil, distance: nil, distanceReference: nil, bearingDegrees: nil, latitude: nil, longitude: nil)))]), unreadable: nil)","NOTAMExtraction(isCanceled: false, effects: [SF50_Shared.NOTAMExtraction.RunwayEffect(runway: Optional(""08""), closure: SF50_Shared.NOTAMExtraction.Closure.none, closedLength: nil, closedEnd: nil, thresholdDisplacement: nil, declaredDistances: nil, surfaceCondition: Optional(SF50_Shared.NOTAMExtraction.SurfaceCondition(rwyCC: Optional([5, 5, 5]), contaminants: [SF50_Shared.NOTAMExtraction.Contaminant(type: SF50_Shared.NOTAMExtraction.ContaminantType.wet, runwayThird: nil, coveragePercent: Optional(100), depth: nil)])), obstacle: nil)])","Metric(readable, passing)","Metric(proposesNothing, ignore)","Metric(isCanceled recall, ignore)","Metric(isCanceled safety, passing)","Metric(closure recall, ignore)","Metric(closure safety, ignore)","Metric(closedLength recall, ignore)","Metric(closedLength safety, ignore)","Metric(closedEnd recall, ignore)","Metric(closedEnd safety, ignore)","Metric(thresholdDisplacement recall, ignore)","Metric(thresholdDisplacement safety, ignore)","Metric(TORA recall, ignore)","Metric(TORA safety, ignore)","Metric(TODA recall, ignore)","Metric(TODA safety, ignore)","Metric(ASDA recall, ignore)","Metric(ASDA safety, ignore)","Metric(LDA recall, ignore)","Metric(LDA safety, ignore)","Metric(rwyCC recall, failing, rationale: 08: missed)","Metric(rwyCC safety, passing)","Metric(contaminants recall, failing, rationale: 08: wrong)","Metric(contaminants safety, failing, rationale: 08: wrong)","Metric(obstacleHeightAGL recall, ignore)","Metric(obstacleHeightAGL safety, ignore)","Metric(obstacleHeightMSL recall, ignore)","Metric(obstacleHeightMSL safety, ignore)","Metric(obstaclePosition recall, ignore)","Metric(obstaclePosition safety, ignore)"
"ModelSample<NOTAMExtraction>(input: Location: FAR

FAR RWY 31 FICON 6/3/3 10 PCT ICE AND 10 PCT COMPACTED SN, 10 PCT
ICE AND 30 PCT 1/8IN DRY SN OVER COMPACTED SN, 10 PCT ICE AND 20 PCT
COMPACTED SN OBS AT 2511280521., output: Evaluations.ModelSampleOutput<SF50_Shared.NOTAMExtraction, Evaluations.TrajectoryExpectation>(value: Optional(SF50_Shared.NOTAMExtraction(isCanceled: false, effects: [SF50_Shared.NOTAMExtraction.RunwayEffect(runway: Optional(""31""), closure: SF50_Shared.NOTAMExtraction.Closure.none, closedLength: nil, closedEnd: nil, thresholdDisplacement: nil, declaredDistances: nil, surfaceCondition: Optional(SF50_Shared.NOTAMExtraction.SurfaceCondition(rwyCC: Optional([6, 3, 3]), contaminants: [SF50_Shared.NOTAMExtraction.Contaminant(type: SF50_Shared.NOTAMExtraction.ContaminantType.compactedSnow, runwayThird: Optional(1), coveragePercent: Optional(10), depth: nil), SF50_Shared.NOTAMExtraction.Contaminant(type: SF50_Shared.NOTAMExtraction.ContaminantType.ice, runwayThird: Optional(1), coveragePercent: Optional(10), depth: nil), SF50_Shared.NOTAMExtraction.Contaminant(type: SF50_Shared.NOTAMExtraction.ContaminantType.drySnowOverCompactedSnow, runwayThird: Optional(2), coveragePercent: Optional(30), depth: Optional(SF50_Shared.NOTAMExtraction.Depth(value: 0.125, unit: SF50_Shared.NOTAMExtraction.DepthUnit.in))), SF50_Shared.NOTAMExtraction.Contaminant(type: SF50_Shared.NOTAMExtraction.ContaminantType.ice, runwayThird: Optional(2), coveragePercent: Optional(10), depth: nil), SF50_Shared.NOTAMExtraction.Contaminant(type: SF50_Shared.NOTAMExtraction.ContaminantType.compactedSnow, runwayThird: Optional(3), coveragePercent: Optional(20), depth: nil), SF50_Shared.NOTAMExtraction.Contaminant(type: SF50_Shared.NOTAMExtraction.ContaminantType.ice, runwayThird: Optional(3), coveragePercent: Optional(10), depth: nil)])), obstacle: nil)])), expectations: nil))","NOTAMReading(value: SF50_Shared.NOTAMExtraction(isCanceled: false, effects: [SF50_Shared.NOTAMExtraction.RunwayEffect(runway: Optional(""31""), closure: SF50_Shared.NOTAMExtraction.Closure.none, closedLength: nil, closedEnd: nil, thresholdDisplacement: nil, declaredDistances: Optional(SF50_Shared.NOTAMExtraction.DeclaredDistances(TORA: nil, TODA: nil, ASDA: nil, LDA: nil)), surfaceCondition: Optional(SF50_Shared.NOTAMExtraction.SurfaceCondition(rwyCC: nil, contaminants: [SF50_Shared.NOTAMExtraction.Contaminant(type: SF50_Shared.NOTAMExtraction.ContaminantType.ice, runwayThird: Optional(1), coveragePercent: Optional(10), depth: Optional(SF50_Shared.NOTAMExtraction.Depth(value: 1.0, unit: SF50_Shared.NOTAMExtraction.DepthUnit.in))), SF50_Shared.NOTAMExtraction.Contaminant(type: SF50_Shared.NOTAMExtraction.ContaminantType.compactedSnow, runwayThird: Optional(1), coveragePercent: Optional(10), depth: Optional(SF50_Shared.NOTAMExtraction.Depth(value: 1.0, unit: SF50_Shared.NOTAMExtraction.DepthUnit.in))), SF50_Shared.NOTAMExtraction.Contaminant(type: SF50_Shared.NOTAMExtraction.ContaminantType.ice, runwayThird: Optional(2), coveragePercent: Optional(10), depth: Optional(SF50_Shared.NOTAMExtraction.Depth(value: 1.0, unit: SF50_Shared.NOTAMExtraction.DepthUnit.in))), SF50_Shared.NOTAMExtraction.Contaminant(type: SF50_Shared.NOTAMExtraction.ContaminantType.drySnow, runwayThird: Optional(2), coveragePercent: Optional(30), depth: Optional(SF50_Shared.NOTAMExtraction.Depth(value: 0.311, unit: SF50_Shared.NOTAMExtraction.DepthUnit.in))), SF50_Shared.NOTAMExtraction.Contaminant(type: SF50_Shared.NOTAMExtraction.ContaminantType.compactedSnow, runwayThird: Optional(2), coveragePercent: Optional(20), depth: Optional(SF50_Shared.NOTAMExtraction.Depth(value: 0.311, unit: SF50_Shared.NOTAMExtraction.DepthUnit.in)))])), obstacle: Optional(SF50_Shared.NOTAMExtraction.Obstacle(heightAGL: nil, heightMSL: nil, distance: nil, distanceReference: nil, bearingDegrees: nil, latitude: nil, longitude: nil)))]), unreadable: nil)","NOTAMExtraction(isCanceled: false, effects: [SF50_Shared.NOTAMExtraction.RunwayEffect(runway: Optional(""31""), closure: SF50_Shared.NOTAMExtraction.Closure.none, closedLength: nil, closedEnd: nil, thresholdDisplacement: nil, declaredDistances: nil, surfaceCondition: Optional(SF50_Shared.NOTAMExtraction.SurfaceCondition(rwyCC: Optional([6, 3, 3]), contaminants: [SF50_Shared.NOTAMExtraction.Contaminant(type: SF50_Shared.NOTAMExtraction.ContaminantType.compactedSnow, runwayThird: Optional(1), coveragePercent: Optional(10), depth: nil), SF50_Shared.NOTAMExtraction.Contaminant(type: SF50_Shared.NOTAMExtraction.ContaminantType.ice, runwayThird: Optional(1), coveragePercent: Optional(10), depth: nil), SF50_Shared.NOTAMExtraction.Contaminant(type: SF50_Shared.NOTAMExtraction.ContaminantType.drySnowOverCompactedSnow, runwayThird: Optional(2), coveragePercent: Optional(30), depth: Optional(SF50_Shared.NOTAMExtraction.Depth(value: 0.125, unit: SF50_Shared.NOTAMExtraction.DepthUnit.in))), SF50_Shared.NOTAMExtraction.Contaminant(type: SF50_Shared.NOTAMExtraction.ContaminantType.ice, runwayThird: Optional(2), coveragePercent: Optional(10), depth: nil), SF50_Shared.NOTAMExtraction.Contaminant(type: SF50_Shared.NOTAMExtraction.ContaminantType.compactedSnow, runwayThird: Optional(3), coveragePercent: Optional(20), depth: nil), SF50_Shared.NOTAMExtraction.Contaminant(type: SF50_Shared.NOTAMExtraction.ContaminantType.ice, runwayThird: Optional(3), coveragePercent: Optional(10), depth: nil)])), obstacle: nil)])","Metric(readable, passing)","Metric(proposesNothing, ignore)","Metric(isCanceled recall, ignore)","Metric(isCanceled safety, passing)","Metric(closure recall, ignore)","Metric(closure safety, ignore)","Metric(closedLength recall, ignore)","Metric(closedLength safety, ignore)","Metric(closedEnd recall, ignore)","Metric(closedEnd safety, ignore)","Metric(thresholdDisplacement recall, ignore)","Metric(thresholdDisplacement safety, ignore)","Metric(TORA recall, ignore)","Metric(TORA safety, ignore)","Metric(TODA recall, ignore)","Metric(TODA safety, ignore)","Metric(ASDA recall, ignore)","Metric(ASDA safety, ignore)","Metric(LDA recall, ignore)","Metric(LDA safety, ignore)","Metric(rwyCC recall, failing, rationale: 31: missed)","Metric(rwyCC safety, passing)","Metric(contaminants recall, failing, rationale: 31: wrong)","Metric(contaminants safety, failing, rationale: 31: wrong)","Metric(obstacleHeightAGL recall, ignore)","Metric(obstacleHeightAGL safety, ignore)","Metric(obstacleHeightMSL recall, ignore)","Metric(obstacleHeightMSL safety, ignore)","Metric(obstaclePosition recall, ignore)","Metric(obstaclePosition safety, ignore)"
"ModelSample<NOTAMExtraction>(input: Location: GTF

GTF RWY 03 FICON 5/5/5 40 PCT 1/8IN DRY SN SWEPT 90FT WID
REMAINDER 1/8IN DRY SN OBS AT 2511280533., output: Evaluations.ModelSampleOutput<SF50_Shared.NOTAMExtraction, Evaluations.TrajectoryExpectation>(value: Optional(SF50_Shared.NOTAMExtraction(isCanceled: false, effects: [SF50_Shared.NOTAMExtraction.RunwayEffect(runway: Optional(""03""), closure: SF50_Shared.NOTAMExtraction.Closure.none, closedLength: nil, closedEnd: nil, thresholdDisplacement: nil, declaredDistances: nil, surfaceCondition: Optional(SF50_Shared.NOTAMExtraction.SurfaceCondition(rwyCC: Optional([5, 5, 5]), contaminants: [SF50_Shared.NOTAMExtraction.Contaminant(type: SF50_Shared.NOTAMExtraction.ContaminantType.drySnow, runwayThird: nil, coveragePercent: Optional(40), depth: Optional(SF50_Shared.NOTAMExtraction.Depth(value: 0.125, unit: SF50_Shared.NOTAMExtraction.DepthUnit.in)))])), obstacle: nil)])), expectations: nil))","NOTAMReading(value: SF50_Shared.NOTAMExtraction(isCanceled: false, effects: [SF50_Shared.NOTAMExtraction.RunwayEffect(runway: Optional(""03""), closure: SF50_Shared.NOTAMExtraction.Closure.none, closedLength: nil, closedEnd: nil, thresholdDisplacement: nil, declaredDistances: Optional(SF50_Shared.NOTAMExtraction.DeclaredDistances(TORA: nil, TODA: nil, ASDA: nil, LDA: nil)), surfaceCondition: Optional(SF50_Shared.NOTAMExtraction.SurfaceCondition(rwyCC: nil, contaminants: [SF50_Shared.NOTAMExtraction.Contaminant(type: SF50_Shared.NOTAMExtraction.ContaminantType.wet, runwayThird: Optional(1), coveragePercent: Optional(40), depth: Optional(SF50_Shared.NOTAMExtraction.Depth(value: 90.0, unit: SF50_Shared.NOTAMExtraction.DepthUnit.in))), SF50_Shared.NOTAMExtraction.Contaminant(type: SF50_Shared.NOTAMExtraction.ContaminantType.drySnow, runwayThird: Optional(2), coveragePercent: Optional(1), depth: Optional(SF50_Shared.NOTAMExtraction.Depth(value: 8.0, unit: SF50_Shared.NOTAMExtraction.DepthUnit.in)))])), obstacle: Optional(SF50_Shared.NOTAMExtraction.Obstacle(heightAGL: Optional(SF50_Shared.NOTAMExtraction.Length(value: 8.0, unit: SF50_Shared.NOTAMExtraction.LengthUnit.ft)), heightMSL: Optional(SF50_Shared.NOTAMExtraction.Length(value: 2511280533.0, unit: SF50_Shared.NOTAMExtraction.LengthUnit.ft)), distance: Optional(SF50_Shared.NOTAMExtraction.Distance(value: 0.0, unit: SF50_Shared.NOTAMExtraction.DistanceUnit.ft)), distanceReference: Optional(""ARP""), bearingDegrees: nil, latitude: nil, longitude: nil)))]), unreadable: nil)","NOTAMExtraction(isCanceled: false, effects: [SF50_Shared.NOTAMExtraction.RunwayEffect(runway: Optional(""03""), closure: SF50_Shared.NOTAMExtraction.Closure.none, closedLength: nil, closedEnd: nil, thresholdDisplacement: nil, declaredDistances: nil, surfaceCondition: Optional(SF50_Shared.NOTAMExtraction.SurfaceCondition(rwyCC: Optional([5, 5, 5]), contaminants: [SF50_Shared.NOTAMExtraction.Contaminant(type: SF50_Shared.NOTAMExtraction.ContaminantType.drySnow, runwayThird: nil, coveragePercent: Optional(40), depth: Optional(SF50_Shared.NOTAMExtraction.Depth(value: 0.125, unit: SF50_Shared.NOTAMExtraction.DepthUnit.in)))])), obstacle: nil)])","Metric(readable, passing)","Metric(proposesNothing, ignore)","Metric(isCanceled recall, ignore)","Metric(isCanceled safety, passing)","Metric(closure recall, ignore)","Metric(closure safety, ignore)","Metric(closedLength recall, ignore)","Metric(closedLength safety, ignore)","Metric(closedEnd recall, ignore)","Metric(closedEnd safety, ignore)","Metric(thresholdDisplacement recall, ignore)","Metric(thresholdDisplacement safety, ignore)","Metric(TORA recall, ignore)","Metric(TORA safety, ignore)","Metric(TODA recall, ignore)","Metric(TODA safety, ignore)","Metric(ASDA recall, ignore)","Metric(ASDA safety, ignore)","Metric(LDA recall, ignore)","Metric(LDA safety, ignore)","Metric(rwyCC recall, failing, rationale: 03: missed)","Metric(rwyCC safety, passing)","Metric(contaminants recall, failing, rationale: 03: wrong)","Metric(contaminants safety, failing, rationale: 03: wrong)","Metric(obstacleHeightAGL recall, ignore)","Metric(obstacleHeightAGL safety, failing, rationale: 03: invented)","Metric(obstacleHeightMSL recall, ignore)","Metric(obstacleHeightMSL safety, failing, rationale: 03: invented)","Metric(obstaclePosition recall, ignore)","Metric(obstaclePosition safety, ignore)"
"ModelSample<NOTAMExtraction>(input: Location: SLK

SLK RWY 23 FICON 10 PCT ICE 130FT WID OBS AT 2511250948., output: Evaluations.ModelSampleOutput<SF50_Shared.NOTAMExtraction, Evaluations.TrajectoryExpectation>(value: Optional(SF50_Shared.NOTAMExtraction(isCanceled: false, effects: [SF50_Shared.NOTAMExtraction.RunwayEffect(runway: Optional(""23""), closure: SF50_Shared.NOTAMExtraction.Closure.none, closedLength: nil, closedEnd: nil, thresholdDisplacement: nil, declaredDistances: nil, surfaceCondition: Optional(SF50_Shared.NOTAMExtraction.SurfaceCondition(rwyCC: nil, contaminants: [SF50_Shared.NOTAMExtraction.Contaminant(type: SF50_Shared.NOTAMExtraction.ContaminantType.ice, runwayThird: nil, coveragePercent: Optional(10), depth: nil)])), obstacle: nil)])), expectations: nil))","NOTAMReading(value: SF50_Shared.NOTAMExtraction(isCanceled: false, effects: [SF50_Shared.NOTAMExtraction.RunwayEffect(runway: Optional(""23""), closure: SF50_Shared.NOTAMExtraction.Closure.none, closedLength: nil, closedEnd: nil, thresholdDisplacement: nil, declaredDistances: Optional(SF50_Shared.NOTAMExtraction.DeclaredDistances(TORA: nil, TODA: nil, ASDA: nil, LDA: nil)), surfaceCondition: Optional(SF50_Shared.NOTAMExtraction.SurfaceCondition(rwyCC: nil, contaminants: [SF50_Shared.NOTAMExtraction.Contaminant(type: SF50_Shared.NOTAMExtraction.ContaminantType.ice, runwayThird: Optional(1), coveragePercent: Optional(10), depth: Optional(SF50_Shared.NOTAMExtraction.Depth(value: 130.0, unit: SF50_Shared.NOTAMExtraction.DepthUnit.in)))])), obstacle: Optional(SF50_Shared.NOTAMExtraction.Obstacle(heightAGL: Optional(SF50_Shared.NOTAMExtraction.Length(value: 130.0, unit: SF50_Shared.NOTAMExtraction.LengthUnit.ft)), heightMSL: nil, distance: Optional(SF50_Shared.NOTAMExtraction.Distance(value: 2511250948.0, unit: SF50_Shared.NOTAMExtraction.DistanceUnit.m)), distanceReference: Optional(""SLK""), bearingDegrees: nil, latitude: Optional(25.112), longitude: Optional(-94.095))))]), unreadable: nil)","NOTAMExtraction(isCanceled: false, effects: [SF50_Shared.NOTAMExtraction.RunwayEffect(runway: Optional(""23""), closure: SF50_Shared.NOTAMExtraction.Closure.none, closedLength: nil, closedEnd: nil, thresholdDisplacement: nil, declaredDistances: nil, surfaceCondition: Optional(SF50_Shared.NOTAMExtraction.SurfaceCondition(rwyCC: nil, contaminants: [SF50_Shared.NOTAMExtraction.Contaminant(type: SF50_Shared.NOTAMExtraction.ContaminantType.ice, runwayThird: nil, coveragePercent: Optional(10), depth: nil)])), obstacle: nil)])","Metric(readable, passing)","Metric(proposesNothing, ignore)","Metric(isCanceled recall, ignore)","Metric(isCanceled safety, passing)","Metric(closure recall, ignore)","Metric(closure safety, ignore)","Metric(closedLength recall, ignore)","Metric(closedLength safety, ignore)","Metric(closedEnd recall, ignore)","Metric(closedEnd safety, ignore)","Metric(thresholdDisplacement recall, ignore)","Metric(thresholdDisplacement safety, ignore)","Metric(TORA recall, ignore)","Metric(TORA safety, ignore)","Metric(TODA recall, ignore)","Metric(TODA safety, ignore)","Metric(ASDA recall, ignore)","Metric(ASDA safety, ignore)","Metric(LDA recall, ignore)","Metric(LDA safety, ignore)","Metric(rwyCC recall, ignore)","Metric(rwyCC safety, ignore)","Metric(contaminants recall, failing, rationale: 23: wrong)","Metric(contaminants safety, failing, rationale: 23: wrong)","Metric(obstacleHeightAGL recall, ignore)","Metric(obstacleHeightAGL safety, failing, rationale: 23: invented)","Metric(obstacleHeightMSL recall, ignore)","Metric(obstacleHeightMSL safety, ignore)","Metric(obstaclePosition recall, ignore)","Metric(obstaclePosition safety, failing, rationale: 23: invented)"
"ModelSample<NOTAMExtraction>(input: Location: BKL

BKL RWY 24L FICON 2/2/2 100 PCT 1/2IN WET SN OVER COMPACTED SN OBS
AT 2511280256., output: Evaluations.ModelSampleOutput<SF50_Shared.NOTAMExtraction, Evaluations.TrajectoryExpectation>(value: Optional(SF50_Shared.NOTAMExtraction(isCanceled: false, effects: [SF50_Shared.NOTAMExtraction.RunwayEffect(runway: Optional(""24L""), closure: SF50_Shared.NOTAMExtraction.Closure.none, closedLength: nil, closedEnd: nil, thresholdDisplacement: nil, declaredDistances: nil, surfaceCondition: Optional(SF50_Shared.NOTAMExtraction.SurfaceCondition(rwyCC: Optional([2, 2, 2]), contaminants: [SF50_Shared.NOTAMExtraction.Contaminant(type: SF50_Shared.NOTAMExtraction.ContaminantType.wetSnowOverCompactedSnow, runwayThird: nil, coveragePercent: Optional(100), depth: Optional(SF50_Shared.NOTAMExtraction.Depth(value: 0.5, unit: SF50_Shared.NOTAMExtraction.DepthUnit.in)))])), obstacle: nil)])), expectations: nil))","NOTAMReading(value: SF50_Shared.NOTAMExtraction(isCanceled: false, effects: [SF50_Shared.NOTAMExtraction.RunwayEffect(runway: Optional(""24L""), closure: SF50_Shared.NOTAMExtraction.Closure.none, closedLength: nil, closedEnd: nil, thresholdDisplacement: nil, declaredDistances: nil, surfaceCondition: Optional(SF50_Shared.NOTAMExtraction.SurfaceCondition(rwyCC: nil, contaminants: [SF50_Shared.NOTAMExtraction.Contaminant(type: SF50_Shared.NOTAMExtraction.ContaminantType.wet, runwayThird: Optional(1), coveragePercent: Optional(100), depth: Optional(SF50_Shared.NOTAMExtraction.Depth(value: 1.0, unit: SF50_Shared.NOTAMExtraction.DepthUnit.in))), SF50_Shared.NOTAMExtraction.Contaminant(type: SF50_Shared.NOTAMExtraction.ContaminantType.compactedSnow, runwayThird: Optional(2), coveragePercent: Optional(100), depth: Optional(SF50_Shared.NOTAMExtraction.Depth(value: 1.0, unit: SF50_Shared.NOTAMExtraction.DepthUnit.in)))])), obstacle: nil)]), unreadable: nil)","NOTAMExtraction(isCanceled: false, effects: [SF50_Shared.NOTAMExtraction.RunwayEffect(runway: Optional(""24L""), closure: SF50_Shared.NOTAMExtraction.Closure.none, closedLength: nil, closedEnd: nil, thresholdDisplacement: nil, declaredDistances: nil, surfaceCondition: Optional(SF50_Shared.NOTAMExtraction.SurfaceCondition(rwyCC: Optional([2, 2, 2]), contaminants: [SF50_Shared.NOTAMExtraction.Contaminant(type: SF50_Shared.NOTAMExtraction.ContaminantType.wetSnowOverCompactedSnow, runwayThird: nil, coveragePercent: Optional(100), depth: Optional(SF50_Shared.NOTAMExtraction.Depth(value: 0.5, unit: SF50_Shared.NOTAMExtraction.DepthUnit.in)))])), obstacle: nil)])","Metric(readable, passing)","Metric(proposesNothing, ignore)","Metric(isCanceled recall, ignore)","Metric(isCanceled safety, passing)","Metric(closure recall, ignore)","Metric(closure safety, ignore)","Metric(closedLength recall, ignore)","Metric(closedLength safety, ignore)","Metric(closedEnd recall, ignore)","Metric(closedEnd safety, ignore)","Metric(thresholdDisplacement recall, ignore)","Metric(thresholdDisplacement safety, ignore)","Metric(TORA recall, ignore)","Metric(TORA safety, ignore)","Metric(TODA recall, ignore)","Metric(TODA safety, ignore)","Metric(ASDA recall, ignore)","Metric(ASDA safety, ignore)","Metric(LDA recall, ignore)","Metric(LDA safety, ignore)","Metric(rwyCC recall, failing, rationale: 24L: missed)","Metric(rwyCC safety, passing)","Metric(contaminants recall, failing, rationale: 24L: wrong)","Metric(contaminants safety, failing, rationale: 24L: wrong)","Metric(obstacleHeightAGL recall, ignore)","Metric(obstacleHeightAGL safety, ignore)","Metric(obstacleHeightMSL recall, ignore)","Metric(obstacleHeightMSL safety, ignore)","Metric(obstaclePosition recall, ignore)","Metric(obstaclePosition safety, ignore)"
"ModelSample<NOTAMExtraction>(input: Location: EFHK

SWEF2270 EFHK 09200214
(SNOWTAM 2270
EFHK
09200214 04L 5/5/5 100/100/100 NR/NR/NR WET/WET/WET
09200025 04R 5/4/3 100/100/100 NR/NR/NR WET/WET/WET
09200200 15 4/5/5 100/100/100 NR/NR/NR WET/WET/WET

REMARK/ RWY 04R SECOND PART RWYCC DOWNGRADED / RWY 04R THIRD PART 
RWYCC DOWNGRADED / RWY 15 FIRST PART RWYCC DOWNGRADED.), output: Evaluations.ModelSampleOutput<SF50_Shared.NOTAMExtraction, Evaluations.TrajectoryExpectation>(value: Optional(SF50_Shared.NOTAMExtraction(isCanceled: false, effects: [SF50_Shared.NOTAMExtraction.RunwayEffect(runway: Optional(""04L""), closure: SF50_Shared.NOTAMExtraction.Closure.none, closedLength: nil, closedEnd: nil, thresholdDisplacement: nil, declaredDistances: nil, surfaceCondition: Optional(SF50_Shared.NOTAMExtraction.SurfaceCondition(rwyCC: Optional([5, 5, 5]), contaminants: [SF50_Shared.NOTAMExtraction.Contaminant(type: SF50_Shared.NOTAMExtraction.ContaminantType.wet, runwayThird: Optional(1), coveragePercent: Optional(100), depth: nil), SF50_Shared.NOTAMExtraction.Contaminant(type: SF50_Shared.NOTAMExtraction.ContaminantType.wet, runwayThird: Optional(2), coveragePercent: Optional(100), depth: nil), SF50_Shared.NOTAMExtraction.Contaminant(type: SF50_Shared.NOTAMExtraction.ContaminantType.wet, runwayThird: Optional(3), coveragePercent: Optional(100), depth: nil)])), obstacle: nil), SF50_Shared.NOTAMExtraction.RunwayEffect(runway: Optional(""04R""), closure: SF50_Shared.NOTAMExtraction.Closure.none, closedLength: nil, closedEnd: nil, thresholdDisplacement: nil, declaredDistances: nil, surfaceCondition: Optional(SF50_Shared.NOTAMExtraction.SurfaceCondition(rwyCC: Optional([5, 4, 3]), contaminants: [SF50_Shared.NOTAMExtraction.Contaminant(type: SF50_Shared.NOTAMExtraction.ContaminantType.wet, runwayThird: Optional(1), coveragePercent: Optional(100), depth: nil), SF50_Shared.NOTAMExtraction.Contaminant(type: SF50_Shared.NOTAMExtraction.ContaminantType.wet, runwayThird: Optional(2), coveragePercent: Optional(100), depth: nil), SF50_Shared.NOTAMExtraction.Contaminant(type: SF50_Shared.NOTAMExtraction.ContaminantType.wet, runwayThird: Optional(3), coveragePercent: Optional(100), depth: nil)])), obstacle: nil), SF50_Shared.NOTAMExtraction.RunwayEffect(runway: Optional(""15""), closure: SF50_Shared.NOTAMExtraction.Closure.none, closedLength: nil, closedEnd: nil, thresholdDisplacement: nil, declaredDistances: nil, surfaceCondition: Optional(SF50_Shared.NOTAMExtraction.SurfaceCondition(rwyCC: Optional([4, 5, 5]), contaminants: [SF50_Shared.NOTAMExtraction.Contaminant(type: SF50_Shared.NOTAMExtraction.ContaminantType.wet, runwayThird: Optional(1), coveragePercent: Optional(100), depth: nil), SF50_Shared.NOTAMExtraction.Contaminant(type: SF50_Shared.NOTAMExtraction.ContaminantType.wet, runwayThird: Optional(2), coveragePercent: Optional(100), depth: nil), SF50_Shared.NOTAMExtraction.Contaminant(type: SF50_Shared.NOTAMExtraction.ContaminantType.wet, runwayThird: Optional(3), coveragePercent: Optional(100), depth: nil)])), obstacle: nil)])), expectations: nil))","NOTAMReading(value: SF50_Shared.NOTAMExtraction(isCanceled: false, effects: [SF50_Shared.NOTAMExtraction.RunwayEffect(runway: Optional(""04R""), closure: SF50_Shared.NOTAMExtraction.Closure.partial, closedLength: nil, closedEnd: Optional(""W""), thresholdDisplacement: nil, declaredDistances: nil, surfaceCondition: Optional(SF50_Shared.NOTAMExtraction.SurfaceCondition(rwyCC: Optional([5, 5, 3]), contaminants: [SF50_Shared.NOTAMExtraction.Contaminant(type: SF50_Shared.NOTAMExtraction.ContaminantType.wet, runwayThird: Optional(1), coveragePercent: Optional(100), depth: Optional(SF50_Shared.NOTAMExtraction.Depth(value: 5.0, unit: SF50_Shared.NOTAMExtraction.DepthUnit.mm))), SF50_Shared.NOTAMExtraction.Contaminant(type: SF50_Shared.NOTAMExtraction.ContaminantType.wet, runwayThird: Optional(2), coveragePercent: Optional(100), depth: Optional(SF50_Shared.NOTAMExtraction.Depth(value: 5.0, unit: SF50_Shared.NOTAMExtraction.DepthUnit.mm))), SF50_Shared.NOTAMExtraction.Contaminant(type: SF50_Shared.NOTAMExtraction.ContaminantType.wet, runwayThird: Optional(3), coveragePercent: Optional(100), depth: Optional(SF50_Shared.NOTAMExtraction.Depth(value: 3.0, unit: SF50_Shared.NOTAMExtraction.DepthUnit.mm)))])), obstacle: nil)]), unreadable: nil)","NOTAMExtraction(isCanceled: false, effects: [SF50_Shared.NOTAMExtraction.RunwayEffect(runway: Optional(""04L""), closure: SF50_Shared.NOTAMExtraction.Closure.none, closedLength: nil, closedEnd: nil, thresholdDisplacement: nil, declaredDistances: nil, surfaceCondition: Optional(SF50_Shared.NOTAMExtraction.SurfaceCondition(rwyCC: Optional([5, 5, 5]), contaminants: [SF50_Shared.NOTAMExtraction.Contaminant(type: SF50_Shared.NOTAMExtraction.ContaminantType.wet, runwayThird: Optional(1), coveragePercent: Optional(100), depth: nil), SF50_Shared.NOTAMExtraction.Contaminant(type: SF50_Shared.NOTAMExtraction.ContaminantType.wet, runwayThird: Optional(2), coveragePercent: Optional(100), depth: nil), SF50_Shared.NOTAMExtraction.Contaminant(type: SF50_Shared.NOTAMExtraction.ContaminantType.wet, runwayThird: Optional(3), coveragePercent: Optional(100), depth: nil)])), obstacle: nil), SF50_Shared.NOTAMExtraction.RunwayEffect(runway: Optional(""04R""), closure: SF50_Shared.NOTAMExtraction.Closure.none, closedLength: nil, closedEnd: nil, thresholdDisplacement: nil, declaredDistances: nil, surfaceCondition: Optional(SF50_Shared.NOTAMExtraction.SurfaceCondition(rwyCC: Optional([5, 4, 3]), contaminants: [SF50_Shared.NOTAMExtraction.Contaminant(type: SF50_Shared.NOTAMExtraction.ContaminantType.wet, runwayThird: Optional(1), coveragePercent: Optional(100), depth: nil), SF50_Shared.NOTAMExtraction.Contaminant(type: SF50_Shared.NOTAMExtraction.ContaminantType.wet, runwayThird: Optional(2), coveragePercent: Optional(100), depth: nil), SF50_Shared.NOTAMExtraction.Contaminant(type: SF50_Shared.NOTAMExtraction.ContaminantType.wet, runwayThird: Optional(3), coveragePercent: Optional(100), depth: nil)])), obstacle: nil), SF50_Shared.NOTAMExtraction.RunwayEffect(runway: Optional(""15""), closure: SF50_Shared.NOTAMExtraction.Closure.none, closedLength: nil, closedEnd: nil, thresholdDisplacement: nil, declaredDistances: nil, surfaceCondition: Optional(SF50_Shared.NOTAMExtraction.SurfaceCondition(rwyCC: Optional([4, 5, 5]), contaminants: [SF50_Shared.NOTAMExtraction.Contaminant(type: SF50_Shared.NOTAMExtraction.ContaminantType.wet, runwayThird: Optional(1), coveragePercent: Optional(100), depth: nil), SF50_Shared.NOTAMExtraction.Contaminant(type: SF50_Shared.NOTAMExtraction.ContaminantType.wet, runwayThird: Optional(2), coveragePercent: Optional(100), depth: nil), SF50_Shared.NOTAMExtraction.Contaminant(type: SF50_Shared.NOTAMExtraction.ContaminantType.wet, runwayThird: Optional(3), coveragePercent: Optional(100), depth: nil)])), obstacle: nil)])","Metric(readable, passing)","Metric(proposesNothing, ignore)","Metric(isCanceled recall, ignore)","Metric(isCanceled safety, passing)","Metric(closure recall, ignore)","Metric(closure safety, failing, rationale: 04R: invented)","Metric(closedLength recall, ignore)","Metric(closedLength safety, ignore)","Metric(closedEnd recall, ignore)","Metric(closedEnd safety, failing, rationale: 04R: invented)","Metric(thresholdDisplacement recall, ignore)","Metric(thresholdDisplacement safety, ignore)","Metric(TORA recall, ignore)","Metric(TORA safety, ignore)","Metric(TODA recall, ignore)","Metric(TODA safety, ignore)","Metric(ASDA recall, ignore)","Metric(ASDA safety, ignore)","Metric(LDA recall, ignore)","Metric(LDA safety, ignore)","Metric(rwyCC recall, failing, rationale: 04L: missed; 04R: wrong; 15: missed)","Metric(rwyCC safety, failing, rationale: 04L: missed; 04R: wrong; 15: missed)","Metric(contaminants recall, failing, rationale: 04L: missed; 04R: wrong; 15: missed)","Metric(contaminants safety, failing, rationale: 04L: missed; 04R: wrong; 15: missed)","Metric(obstacleHeightAGL recall, ignore)","Metric(obstacleHeightAGL safety, ignore)","Metric(obstacleHeightMSL recall, ignore)","Metric(obstacleHeightMSL safety, ignore)","Metric(obstaclePosition recall, ignore)","Metric(obstaclePosition safety, ignore)"
"ModelSample<NOTAMExtraction>(input: Location: BGQQ

SWBG0221 BGQQ 09241032
 (SNOWTAM 0221
 BGQQ
 09241032 16 5/5/5 100/100/100 03/03/03 DRY SNOW/DRY SNOW/DRY SNOW
 
 RWY 16 MEASURED FRICTION COEFFICIENTS 68/69/69 TAP. REMARK/ RWY 16 
 TAKEOFF SIGNIFICANT CONTAMINANT THIN RWYCC 5/5/5.), output: Evaluations.ModelSampleOutput<SF50_Shared.NOTAMExtraction, Evaluations.TrajectoryExpectation>(value: Optional(SF50_Shared.NOTAMExtraction(isCanceled: false, effects: [SF50_Shared.NOTAMExtraction.RunwayEffect(runway: Optional(""16""), closure: SF50_Shared.NOTAMExtraction.Closure.none, closedLength: nil, closedEnd: nil, thresholdDisplacement: nil, declaredDistances: nil, surfaceCondition: Optional(SF50_Shared.NOTAMExtraction.SurfaceCondition(rwyCC: Optional([5, 5, 5]), contaminants: [SF50_Shared.NOTAMExtraction.Contaminant(type: SF50_Shared.NOTAMExtraction.ContaminantType.drySnow, runwayThird: Optional(1), coveragePercent: Optional(100), depth: Optional(SF50_Shared.NOTAMExtraction.Depth(value: 3.0, unit: SF50_Shared.NOTAMExtraction.DepthUnit.mm))), SF50_Shared.NOTAMExtraction.Contaminant(type: SF50_Shared.NOTAMExtraction.ContaminantType.drySnow, runwayThird: Optional(2), coveragePercent: Optional(100), depth: Optional(SF50_Shared.NOTAMExtraction.Depth(value: 3.0, unit: SF50_Shared.NOTAMExtraction.DepthUnit.mm))), SF50_Shared.NOTAMExtraction.Contaminant(type: SF50_Shared.NOTAMExtraction.ContaminantType.drySnow, runwayThird: Optional(3), coveragePercent: Optional(100), depth: Optional(SF50_Shared.NOTAMExtraction.Depth(value: 3.0, unit: SF50_Shared.NOTAMExtraction.DepthUnit.mm)))])), obstacle: nil)])), expectations: nil))","NOTAMReading(value: SF50_Shared.NOTAMExtraction(isCanceled: false, effects: [SF50_Shared.NOTAMExtraction.RunwayEffect(runway: Optional(""16""), closure: SF50_Shared.NOTAMExtraction.Closure.none, closedLength: nil, closedEnd: nil, thresholdDisplacement: nil, declaredDistances: Optional(SF50_Shared.NOTAMExtraction.DeclaredDistances(TORA: nil, TODA: nil, ASDA: nil, LDA: nil)), surfaceCondition: Optional(SF50_Shared.NOTAMExtraction.SurfaceCondition(rwyCC: nil, contaminants: [SF50_Shared.NOTAMExtraction.Contaminant(type: SF50_Shared.NOTAMExtraction.ContaminantType.drySnow, runwayThird: Optional(1), coveragePercent: Optional(100), depth: nil)])), obstacle: Optional(SF50_Shared.NOTAMExtraction.Obstacle(heightAGL: nil, heightMSL: nil, distance: nil, distanceReference: nil, bearingDegrees: nil, latitude: nil, longitude: nil)))]), unreadable: nil)","NOTAMExtraction(isCanceled: false, effects: [SF50_Shared.NOTAMExtraction.RunwayEffect(runway: Optional(""16""), closure: SF50_Shared.NOTAMExtraction.Closure.none, closedLength: nil, closedEnd: nil, thresholdDisplacement: nil, declaredDistances: nil, surfaceCondition: Optional(SF50_Shared.NOTAMExtraction.SurfaceCondition(rwyCC: Optional([5, 5, 5]), contaminants: [SF50_Shared.NOTAMExtraction.Contaminant(type: SF50_Shared.NOTAMExtraction.ContaminantType.drySnow, runwayThird: Optional(1), coveragePercent: Optional(100), depth: Optional(SF50_Shared.NOTAMExtraction.Depth(value: 3.0, unit: SF50_Shared.NOTAMExtraction.DepthUnit.mm))), SF50_Shared.NOTAMExtraction.Contaminant(type: SF50_Shared.NOTAMExtraction.ContaminantType.drySnow, runwayThird: Optional(2), coveragePercent: Optional(100), depth: Optional(SF50_Shared.NOTAMExtraction.Depth(value: 3.0, unit: SF50_Shared.NOTAMExtraction.DepthUnit.mm))), SF50_Shared.NOTAMExtraction.Contaminant(type: SF50_Shared.NOTAMExtraction.ContaminantType.drySnow, runwayThird: Optional(3), coveragePercent: Optional(100), depth: Optional(SF50_Shared.NOTAMExtraction.Depth(value: 3.0, unit: SF50_Shared.NOTAMExtraction.DepthUnit.mm)))])), obstacle: nil)])","Metric(readable, passing)","Metric(proposesNothing, ignore)","Metric(isCanceled recall, ignore)","Metric(isCanceled safety, passing)","Metric(closure recall, ignore)","Metric(closure safety, ignore)","Metric(closedLength recall, ignore)","Metric(closedLength safety, ignore)","Metric(closedEnd recall, ignore)","Metric(closedEnd safety, ignore)","Metric(thresholdDisplacement recall, ignore)","Metric(thresholdDisplacement safety, ignore)","Metric(TORA recall, ignore)","Metric(TORA safety, ignore)","Metric(TODA recall, ignore)","Metric(TODA safety, ignore)","Metric(ASDA recall, ignore)","Metric(ASDA safety, ignore)","Metric(LDA recall, ignore)","Metric(LDA safety, ignore)","Metric(rwyCC recall, failing, rationale: 16: missed)","Metric(rwyCC safety, passing)","Metric(contaminants recall, failing, rationale: 16: wrong)","Metric(contaminants safety, failing, rationale: 16: wrong)","Metric(obstacleHeightAGL recall, ignore)","Metric(obstacleHeightAGL safety, ignore)","Metric(obstacleHeightMSL recall, ignore)","Metric(obstacleHeightMSL safety, ignore)","Metric(obstaclePosition recall, ignore)","Metric(obstaclePosition safety, ignore)"
"ModelSample<NOTAMExtraction>(input: Location: CYFB

RSC 16 3/2/5 50 PCT 1/8IN WET SNOW, 70 PCT 1/8IN WET SNOW, 40 PCT 
1/8IN WET SNOW. TOUCHDOWN RWYCC DOWNGRADED, MIDPOINT RWYCC 
DOWNGRADED, CHEMICAL RESIDUE PRESENT. SWEEPING IN PROGRESS. VALID 
NOV 25 1124 - NOV 25 1924.

RSC 34 5/2/3 40 PCT 1/8IN WET SNOW, 70 PCT 1/8IN WET SNOW, 50 PCT 
1/8IN WET SNOW. MIDPOINT RWYCC DOWNGRADED, ROLLOUT RWYCC 
DOWNGRADED, CHEMICAL RESIDUE PRESENT. SWEEPING IN PROGRESS. VALID 
NOV 25 1124 - NOV 25 1924.

ADDN NON-GRF/TALPA INFO:
CRFI 16 -6C .33/.29/.43 OBS AT 2511251124.
CRFI 34 -6C .43/.29/.33 OBS AT 2511251124.

RMK: TWY ALPHA, CHARLIE, DELTA, ECHO, FOXTROT, GOLF, 
202511251111, DRY SNOW, 1/8IN. SLIPPERY CONDITIONS.
RMK: APN APRON I, APRON II, APRON III, APRON IV, APRON V, 
202511251106, ICE. SLIPPERY CONDITIONS., output: Evaluations.ModelSampleOutput<SF50_Shared.NOTAMExtraction, Evaluations.TrajectoryExpectation>(value: Optional(SF50_Shared.NOTAMExtraction(isCanceled: false, effects: [SF50_Shared.NOTAMExtraction.RunwayEffect(runway: Optional(""16""), closure: SF50_Shared.NOTAMExtraction.Closure.none, closedLength: nil, closedEnd: nil, thresholdDisplacement: nil, declaredDistances: nil, surfaceCondition: Optional(SF50_Shared.NOTAMExtraction.SurfaceCondition(rwyCC: Optional([3, 2, 5]), contaminants: [SF50_Shared.NOTAMExtraction.Contaminant(type: SF50_Shared.NOTAMExtraction.ContaminantType.wetSnow, runwayThird: Optional(1), coveragePercent: Optional(50), depth: Optional(SF50_Shared.NOTAMExtraction.Depth(value: 0.125, unit: SF50_Shared.NOTAMExtraction.DepthUnit.in))), SF50_Shared.NOTAMExtraction.Contaminant(type: SF50_Shared.NOTAMExtraction.ContaminantType.wetSnow, runwayThird: Optional(2), coveragePercent: Optional(70), depth: Optional(SF50_Shared.NOTAMExtraction.Depth(value: 0.125, unit: SF50_Shared.NOTAMExtraction.DepthUnit.in))), SF50_Shared.NOTAMExtraction.Contaminant(type: SF50_Shared.NOTAMExtraction.ContaminantType.wetSnow, runwayThird: Optional(3), coveragePercent: Optional(40), depth: Optional(SF50_Shared.NOTAMExtraction.Depth(value: 0.125, unit: SF50_Shared.NOTAMExtraction.DepthUnit.in)))])), obstacle: nil), SF50_Shared.NOTAMExtraction.RunwayEffect(runway: Optional(""34""), closure: SF50_Shared.NOTAMExtraction.Closure.none, closedLength: nil, closedEnd: nil, thresholdDisplacement: nil, declaredDistances: nil, surfaceCondition: Optional(SF50_Shared.NOTAMExtraction.SurfaceCondition(rwyCC: Optional([5, 2, 3]), contaminants: [SF50_Shared.NOTAMExtraction.Contaminant(type: SF50_Shared.NOTAMExtraction.ContaminantType.wetSnow, runwayThird: Optional(1), coveragePercent: Optional(40), depth: Optional(SF50_Shared.NOTAMExtraction.Depth(value: 0.125, unit: SF50_Shared.NOTAMExtraction.DepthUnit.in))), SF50_Shared.NOTAMExtraction.Contaminant(type: SF50_Shared.NOTAMExtraction.ContaminantType.wetSnow, runwayThird: Optional(2), coveragePercent: Optional(70), depth: Optional(SF50_Shared.NOTAMExtraction.Depth(value: 0.125, unit: SF50_Shared.NOTAMExtraction.DepthUnit.in))), SF50_Shared.NOTAMExtraction.Contaminant(type: SF50_Shared.NOTAMExtraction.ContaminantType.wetSnow, runwayThird: Optional(3), coveragePercent: Optional(50), depth: Optional(SF50_Shared.NOTAMExtraction.Depth(value: 0.125, unit: SF50_Shared.NOTAMExtraction.DepthUnit.in)))])), obstacle: nil)])), expectations: nil))","NOTAMReading(value: SF50_Shared.NOTAMExtraction(isCanceled: false, effects: [SF50_Shared.NOTAMExtraction.RunwayEffect(runway: Optional(""16""), closure: SF50_Shared.NOTAMExtraction.Closure.none, closedLength: nil, closedEnd: nil, thresholdDisplacement: nil, declaredDistances: Optional(SF50_Shared.NOTAMExtraction.DeclaredDistances(TORA: nil, TODA: nil, ASDA: nil, LDA: nil)), surfaceCondition: Optional(SF50_Shared.NOTAMExtraction.SurfaceCondition(rwyCC: Optional([5, 5, 3]), contaminants: [SF50_Shared.NOTAMExtraction.Contaminant(type: SF50_Shared.NOTAMExtraction.ContaminantType.wet, runwayThird: Optional(1), coveragePercent: Optional(50), depth: Optional(SF50_Shared.NOTAMExtraction.Depth(value: 1.0, unit: SF50_Shared.NOTAMExtraction.DepthUnit.in))), SF50_Shared.NOTAMExtraction.Contaminant(type: SF50_Shared.NOTAMExtraction.ContaminantType.wet, runwayThird: Optional(2), coveragePercent: Optional(70), depth: Optional(SF50_Shared.NOTAMExtraction.Depth(value: 1.0, unit: SF50_Shared.NOTAMExtraction.DepthUnit.in))), SF50_Shared.NOTAMExtraction.Contaminant(type: SF50_Shared.NOTAMExtraction.ContaminantType.wet, runwayThird: Optional(3), coveragePercent: Optional(40), depth: Optional(SF50_Shared.NOTAMExtraction.Depth(value: 1.0, unit: SF50_Shared.NOTAMExtraction.DepthUnit.in)))])), obstacle: Optional(SF50_Shared.NOTAMExtraction.Obstacle(heightAGL: nil, heightMSL: nil, distance: nil, distanceReference: nil, bearingDegrees: nil, latitude: nil, longitude: nil))), SF50_Shared.NOTAMExtraction.RunwayEffect(runway: Optional(""34""), closure: SF50_Shared.NOTAMExtraction.Closure.none, closedLength: nil, closedEnd: nil, thresholdDisplacement: nil, declaredDistances: Optional(SF50_Shared.NOTAMExtraction.DeclaredDistances(TORA: nil, TODA: nil, ASDA: nil, LDA: nil)), surfaceCondition: Optional(SF50_Shared.NOTAMExtraction.SurfaceCondition(rwyCC: Optional([5, 5, 3]), contaminants: [SF50_Shared.NOTAMExtraction.Contaminant(type: SF50_Shared.NOTAMExtraction.ContaminantType.wet, runwayThird: Optional(1), coveragePercent: Optional(40), depth: Optional(SF50_Shared.NOTAMExtraction.Depth(value: 1.0, unit: SF50_Shared.NOTAMExtraction.DepthUnit.in))), SF50_Shared.NOTAMExtraction.Contaminant(type: SF50_Shared.NOTAMExtraction.ContaminantType.wet, runwayThird: Optional(2), coveragePercent: Optional(70), depth: Optional(SF50_Shared.NOTAMExtraction.Depth(value: 1.0, unit: SF50_Shared.NOTAMExtraction.DepthUnit.in))), SF50_Shared.NOTAMExtraction.Contaminant(type: SF50_Shared.NOTAMExtraction.ContaminantType.wet, runwayThird: Optional(3), coveragePercent: Optional(50), depth: Optional(SF50_Shared.NOTAMExtraction.Depth(value: 1.0, unit: SF50_Shared.NOTAMExtraction.DepthUnit.in)))])), obstacle: Optional(SF50_Shared.NOTAMExtraction.Obstacle(heightAGL: nil, heightMSL: nil, distance: nil, distanceReference: nil, bearingDegrees: nil, latitude: nil, longitude: nil)))]), unreadable: nil)","NOTAMExtraction(isCanceled: false, effects: [SF50_Shared.NOTAMExtraction.RunwayEffect(runway: Optional(""16""), closure: SF50_Shared.NOTAMExtraction.Closure.none, closedLength: nil, closedEnd: nil, thresholdDisplacement: nil, declaredDistances: nil, surfaceCondition: Optional(SF50_Shared.NOTAMExtraction.SurfaceCondition(rwyCC: Optional([3, 2, 5]), contaminants: [SF50_Shared.NOTAMExtraction.Contaminant(type: SF50_Shared.NOTAMExtraction.ContaminantType.wetSnow, runwayThird: Optional(1), coveragePercent: Optional(50), depth: Optional(SF50_Shared.NOTAMExtraction.Depth(value: 0.125, unit: SF50_Shared.NOTAMExtraction.DepthUnit.in))), SF50_Shared.NOTAMExtraction.Contaminant(type: SF50_Shared.NOTAMExtraction.ContaminantType.wetSnow, runwayThird: Optional(2), coveragePercent: Optional(70), depth: Optional(SF50_Shared.NOTAMExtraction.Depth(value: 0.125, unit: SF50_Shared.NOTAMExtraction.DepthUnit.in))), SF50_Shared.NOTAMExtraction.Contaminant(type: SF50_Shared.NOTAMExtraction.ContaminantType.wetSnow, runwayThird: Optional(3), coveragePercent: Optional(40), depth: Optional(SF50_Shared.NOTAMExtraction.Depth(value: 0.125, unit: SF50_Shared.NOTAMExtraction.DepthUnit.in)))])), obstacle: nil), SF50_Shared.NOTAMExtraction.RunwayEffect(runway: Optional(""34""), closure: SF50_Shared.NOTAMExtraction.Closure.none, closedLength: nil, closedEnd: nil, thresholdDisplacement: nil, declaredDistances: nil, surfaceCondition: Optional(SF50_Shared.NOTAMExtraction.SurfaceCondition(rwyCC: Optional([5, 2, 3]), contaminants: [SF50_Shared.NOTAMExtraction.Contaminant(type: SF50_Shared.NOTAMExtraction.ContaminantType.wetSnow, runwayThird: Optional(1), coveragePercent: Optional(40), depth: Optional(SF50_Shared.NOTAMExtraction.Depth(value: 0.125, unit: SF50_Shared.NOTAMExtraction.DepthUnit.in))), SF50_Shared.NOTAMExtraction.Contaminant(type: SF50_Shared.NOTAMExtraction.ContaminantType.wetSnow, runwayThird: Optional(2), coveragePercent: Optional(70), depth: Optional(SF50_Shared.NOTAMExtraction.Depth(value: 0.125, unit: SF50_Shared.NOTAMExtraction.DepthUnit.in))), SF50_Shared.NOTAMExtraction.Contaminant(type: SF50_Shared.NOTAMExtraction.ContaminantType.wetSnow, runwayThird: Optional(3), coveragePercent: Optional(50), depth: Optional(SF50_Shared.NOTAMExtraction.Depth(value: 0.125, unit: SF50_Shared.NOTAMExtraction.DepthUnit.in)))])), obstacle: nil)])","Metric(readable, passing)","Metric(proposesNothing, ignore)","Metric(isCanceled recall, ignore)","Metric(isCanceled safety, passing)","Metric(closure recall, ignore)","Metric(closure safety, ignore)","Metric(closedLength recall, ignore)","Metric(closedLength safety, ignore)","Metric(closedEnd recall, ignore)","Metric(closedEnd safety, ignore)","Metric(thresholdDisplacement recall, ignore)","Metric(thresholdDisplacement safety, ignore)","Metric(TORA recall, ignore)","Metric(TORA safety, ignore)","Metric(TODA recall, ignore)","Metric(TODA safety, ignore)","Metric(ASDA recall, ignore)","Metric(ASDA safety, ignore)","Metric(LDA recall, ignore)","Metric(LDA safety, ignore)","Metric(rwyCC recall, failing, rationale: 16: wrong; 34: wrong)","Metric(rwyCC safety, failing, rationale: 16: wrong; 34: wrong)","Metric(contaminants recall, failing, rationale: 16: wrong; 34: wrong)","Metric(contaminants safety, failing, rationale: 16: wrong; 34: wrong)","Metric(obstacleHeightAGL recall, ignore)","Metric(obstacleHeightAGL safety, ignore)","Metric(obstacleHeightMSL recall, ignore)","Metric(obstacleHeightMSL safety, ignore)","Metric(obstaclePosition recall, ignore)","Metric(obstaclePosition safety, ignore)"
"ModelSample<NOTAMExtraction>(input: Location: JFK

JFK OBST CRANE (ASN 2024-AEA-1604-NRA) 403906N0734931W (2.2NM WNW
JFK) 114FT (100FT AGL) FLAGGED AND LGTD, output: Evaluations.ModelSampleOutput<SF50_Shared.NOTAMExtraction, Evaluations.TrajectoryExpectation>(value: Optional(SF50_Shared.NOTAMExtraction(isCanceled: false, effects: [SF50_Shared.NOTAMExtraction.RunwayEffect(runway: nil, closure: SF50_Shared.NOTAMExtraction.Closure.none, closedLength: nil, closedEnd: nil, thresholdDisplacement: nil, declaredDistances: nil, surfaceCondition: nil, obstacle: Optional(SF50_Shared.NOTAMExtraction.Obstacle(heightAGL: Optional(SF50_Shared.NOTAMExtraction.Length(value: 100.0, unit: SF50_Shared.NOTAMExtraction.LengthUnit.ft)), heightMSL: Optional(SF50_Shared.NOTAMExtraction.Length(value: 114.0, unit: SF50_Shared.NOTAMExtraction.LengthUnit.ft)), distance: Optional(SF50_Shared.NOTAMExtraction.Distance(value: 2.2, unit: SF50_Shared.NOTAMExtraction.DistanceUnit.nm)), distanceReference: Optional(""JFK""), bearingDegrees: nil, latitude: Optional(40.651667), longitude: Optional(-73.825278))))])), expectations: nil))","NOTAMReading(value: SF50_Shared.NOTAMExtraction(isCanceled: false, effects: [SF50_Shared.NOTAMExtraction.RunwayEffect(runway: Optional(""09R""), closure: SF50_Shared.NOTAMExtraction.Closure.none, closedLength: nil, closedEnd: nil, thresholdDisplacement: nil, declaredDistances: Optional(SF50_Shared.NOTAMExtraction.DeclaredDistances(TORA: nil, TODA: nil, ASDA: nil, LDA: nil)), surfaceCondition: Optional(SF50_Shared.NOTAMExtraction.SurfaceCondition(rwyCC: nil, contaminants: [SF50_Shared.NOTAMExtraction.Contaminant(type: SF50_Shared.NOTAMExtraction.ContaminantType.wet, runwayThird: Optional(1), coveragePercent: Optional(100), depth: Optional(SF50_Shared.NOTAMExtraction.Depth(value: 114.0, unit: SF50_Shared.NOTAMExtraction.DepthUnit.in)))])), obstacle: Optional(SF50_Shared.NOTAMExtraction.Obstacle(heightAGL: Optional(SF50_Shared.NOTAMExtraction.Length(value: 100.0, unit: SF50_Shared.NOTAMExtraction.LengthUnit.ft)), heightMSL: Optional(SF50_Shared.NOTAMExtraction.Length(value: 2024.0, unit: SF50_Shared.NOTAMExtraction.LengthUnit.ft)), distance: Optional(SF50_Shared.NOTAMExtraction.Distance(value: 2.2, unit: SF50_Shared.NOTAMExtraction.DistanceUnit.nm)), distanceReference: Optional(""JFK""), bearingDegrees: nil, latitude: Optional(40.39), longitude: Optional(-73.493))))]), unreadable: nil)","NOTAMExtraction(isCanceled: false, effects: [SF50_Shared.NOTAMExtraction.RunwayEffect(runway: nil, closure: SF50_Shared.NOTAMExtraction.Closure.none, closedLength: nil, closedEnd: nil, thresholdDisplacement: nil, declaredDistances: nil, surfaceCondition: nil, obstacle: Optional(SF50_Shared.NOTAMExtraction.Obstacle(heightAGL: Optional(SF50_Shared.NOTAMExtraction.Length(value: 100.0, unit: SF50_Shared.NOTAMExtraction.LengthUnit.ft)), heightMSL: Optional(SF50_Shared.NOTAMExtraction.Length(value: 114.0, unit: SF50_Shared.NOTAMExtraction.LengthUnit.ft)), distance: Optional(SF50_Shared.NOTAMExtraction.Distance(value: 2.2, unit: SF50_Shared.NOTAMExtraction.DistanceUnit.nm)), distanceReference: Optional(""JFK""), bearingDegrees: nil, latitude: Optional(40.651667), longitude: Optional(-73.825278))))])","Metric(readable, passing)","Metric(proposesNothing, ignore)","Metric(isCanceled recall, ignore)","Metric(isCanceled safety, passing)","Metric(closure recall, ignore)","Metric(closure safety, ignore)","Metric(closedLength recall, ignore)","Metric(closedLength safety, ignore)","Metric(closedEnd recall, ignore)","Metric(closedEnd safety, ignore)","Metric(thresholdDisplacement recall, ignore)","Metric(thresholdDisplacement safety, ignore)","Metric(TORA recall, ignore)","Metric(TORA safety, ignore)","Metric(TODA recall, ignore)","Metric(TODA safety, ignore)","Metric(ASDA recall, ignore)","Metric(ASDA safety, ignore)","Metric(LDA recall, ignore)","Metric(LDA safety, ignore)","Metric(rwyCC recall, ignore)","Metric(rwyCC safety, ignore)","Metric(contaminants recall, ignore)","Metric(contaminants safety, failing, rationale: 09R: invented)","Metric(obstacleHeightAGL recall, failing, rationale: aerodrome: missed; 09R: invented)","Metric(obstacleHeightAGL safety, failing, rationale: aerodrome: missed; 09R: invented)","Metric(obstacleHeightMSL recall, failing, rationale: aerodrome: missed; 09R: invented)","Metric(obstacleHeightMSL safety, failing, rationale: aerodrome: missed; 09R: invented)","Metric(obstaclePosition recall, failing, rationale: aerodrome: missed; 09R: invented)","Metric(obstaclePosition safety, failing, rationale: aerodrome: missed; 09R: invented)"
"ModelSample<NOTAMExtraction>(input: Location: NYL

NYL OBST CRANE (ASN UNKNOWN) 323904N1143718W (1NM N APCH END RWY
03L) UNKNOWN (60FT AGL) FLAGGED, output: Evaluations.ModelSampleOutput<SF50_Shared.NOTAMExtraction, Evaluations.TrajectoryExpectation>(value: Optional(SF50_Shared.NOTAMExtraction(isCanceled: false, effects: [SF50_Shared.NOTAMExtraction.RunwayEffect(runway: Optional(""03L""), closure: SF50_Shared.NOTAMExtraction.Closure.none, closedLength: nil, closedEnd: nil, thresholdDisplacement: nil, declaredDistances: nil, surfaceCondition: nil, obstacle: Optional(SF50_Shared.NOTAMExtraction.Obstacle(heightAGL: Optional(SF50_Shared.NOTAMExtraction.Length(value: 60.0, unit: SF50_Shared.NOTAMExtraction.LengthUnit.ft)), heightMSL: nil, distance: Optional(SF50_Shared.NOTAMExtraction.Distance(value: 1.0, unit: SF50_Shared.NOTAMExtraction.DistanceUnit.nm)), distanceReference: Optional(""APCH END RWY 03L""), bearingDegrees: nil, latitude: Optional(32.651111), longitude: Optional(-114.621667))))])), expectations: nil))","NOTAMReading(value: SF50_Shared.NOTAMExtraction(isCanceled: false, effects: [SF50_Shared.NOTAMExtraction.RunwayEffect(runway: Optional(""03L""), closure: SF50_Shared.NOTAMExtraction.Closure.none, closedLength: nil, closedEnd: nil, thresholdDisplacement: nil, declaredDistances: Optional(SF50_Shared.NOTAMExtraction.DeclaredDistances(TORA: nil, TODA: nil, ASDA: nil, LDA: nil)), surfaceCondition: Optional(SF50_Shared.NOTAMExtraction.SurfaceCondition(rwyCC: nil, contaminants: [SF50_Shared.NOTAMExtraction.Contaminant(type: SF50_Shared.NOTAMExtraction.ContaminantType.wet, runwayThird: Optional(1), coveragePercent: Optional(100), depth: Optional(SF50_Shared.NOTAMExtraction.Depth(value: 60.0, unit: SF50_Shared.NOTAMExtraction.DepthUnit.in)))])), obstacle: Optional(SF50_Shared.NOTAMExtraction.Obstacle(heightAGL: Optional(SF50_Shared.NOTAMExtraction.Length(value: 323904.0, unit: SF50_Shared.NOTAMExtraction.LengthUnit.ft)), heightMSL: Optional(SF50_Shared.NOTAMExtraction.Length(value: 0.0, unit: SF50_Shared.NOTAMExtraction.LengthUnit.ft)), distance: Optional(SF50_Shared.NOTAMExtraction.Distance(value: 1.0, unit: SF50_Shared.NOTAMExtraction.DistanceUnit.nm)), distanceReference: Optional(""1NM N APCH END RWY 03L""), bearingDegrees: nil, latitude: Optional(40.55), longitude: Optional(-74.092))))]), unreadable: nil)","NOTAMExtraction(isCanceled: false, effects: [SF50_Shared.NOTAMExtraction.RunwayEffect(runway: Optional(""03L""), closure: SF50_Shared.NOTAMExtraction.Closure.none, closedLength: nil, closedEnd: nil, thresholdDisplacement: nil, declaredDistances: nil, surfaceCondition: nil, obstacle: Optional(SF50_Shared.NOTAMExtraction.Obstacle(heightAGL: Optional(SF50_Shared.NOTAMExtraction.Length(value: 60.0, unit: SF50_Shared.NOTAMExtraction.LengthUnit.ft)), heightMSL: nil, distance: Optional(SF50_Shared.NOTAMExtraction.Distance(value: 1.0, unit: SF50_Shared.NOTAMExtraction.DistanceUnit.nm)), distanceReference: Optional(""APCH END RWY 03L""), bearingDegrees: nil, latitude: Optional(32.651111), longitude: Optional(-114.621667))))])","Metric(readable, passing)","Metric(proposesNothing, ignore)","Metric(isCanceled recall, ignore)","Metric(isCanceled safety, passing)","Metric(closure recall, ignore)","Metric(closure safety, ignore)","Metric(closedLength recall, ignore)","Metric(closedLength safety, ignore)","Metric(closedEnd recall, ignore)","Metric(closedEnd safety, ignore)","Metric(thresholdDisplacement recall, ignore)","Metric(thresholdDisplacement safety, ignore)","Metric(TORA recall, ignore)","Metric(TORA safety, ignore)","Metric(TODA recall, ignore)","Metric(TODA safety, ignore)","Metric(ASDA recall, ignore)","Metric(ASDA safety, ignore)","Metric(LDA recall, ignore)","Metric(LDA safety, ignore)","Metric(rwyCC recall, ignore)","Metric(rwyCC safety, ignore)","Metric(contaminants recall, ignore)","Metric(contaminants safety, failing, rationale: 03L: invented)","Metric(obstacleHeightAGL recall, failing, rationale: 03L: wrong)","Metric(obstacleHeightAGL safety, failing, rationale: 03L: wrong)","Metric(obstacleHeightMSL recall, ignore)","Metric(obstacleHeightMSL safety, failing, rationale: 03L: invented)","Metric(obstaclePosition recall, failing, rationale: 03L: wrong)","Metric(obstaclePosition safety, failing, rationale: 03L: wrong)"
"ModelSample<NOTAMExtraction>(input: Location: EHAM

REF AIP NETHERLANDS AD 2.EHAM AOC TYPE A RWY 18C-36C. CRANE 
ERECTED AT PSN 521700.1N0044411.0E, 2000M BEYOND TORA RWY 18C ON 
EXTD RCL, 138FT AMSL, MARKED AND LGTD., output: Evaluations.ModelSampleOutput<SF50_Shared.NOTAMExtraction, Evaluations.TrajectoryExpectation>(value: Optional(SF50_Shared.NOTAMExtraction(isCanceled: false, effects: [SF50_Shared.NOTAMExtraction.RunwayEffect(runway: Optional(""18C""), closure: SF50_Shared.NOTAMExtraction.Closure.none, closedLength: nil, closedEnd: nil, thresholdDisplacement: nil, declaredDistances: nil, surfaceCondition: nil, obstacle: Optional(SF50_Shared.NOTAMExtraction.Obstacle(heightAGL: nil, heightMSL: Optional(SF50_Shared.NOTAMExtraction.Length(value: 138.0, unit: SF50_Shared.NOTAMExtraction.LengthUnit.ft)), distance: Optional(SF50_Shared.NOTAMExtraction.Distance(value: 2000.0, unit: SF50_Shared.NOTAMExtraction.DistanceUnit.m)), distanceReference: Optional(""TORA RWY 18C""), bearingDegrees: nil, latitude: Optional(52.283361), longitude: Optional(4.736389))))])), expectations: nil))","NOTAMReading(value: SF50_Shared.NOTAMExtraction(isCanceled: false, effects: [SF50_Shared.NOTAMExtraction.RunwayEffect(runway: Optional(""18C""), closure: SF50_Shared.NOTAMExtraction.Closure.none, closedLength: nil, closedEnd: nil, thresholdDisplacement: nil, declaredDistances: Optional(SF50_Shared.NOTAMExtraction.DeclaredDistances(TORA: Optional(SF50_Shared.NOTAMExtraction.Length(value: 138.0, unit: SF50_Shared.NOTAMExtraction.LengthUnit.ft)), TODA: Optional(SF50_Shared.NOTAMExtraction.Length(value: 138.0, unit: SF50_Shared.NOTAMExtraction.LengthUnit.ft)), ASDA: Optional(SF50_Shared.NOTAMExtraction.Length(value: 138.0, unit: SF50_Shared.NOTAMExtraction.LengthUnit.ft)), LDA: Optional(SF50_Shared.NOTAMExtraction.Length(value: 138.0, unit: SF50_Shared.NOTAMExtraction.LengthUnit.ft)))), surfaceCondition: Optional(SF50_Shared.NOTAMExtraction.SurfaceCondition(rwyCC: nil, contaminants: [SF50_Shared.NOTAMExtraction.Contaminant(type: SF50_Shared.NOTAMExtraction.ContaminantType.drySnow, runwayThird: Optional(1), coveragePercent: Optional(100), depth: Optional(SF50_Shared.NOTAMExtraction.Depth(value: 0.0, unit: SF50_Shared.NOTAMExtraction.DepthUnit.in)))])), obstacle: Optional(SF50_Shared.NOTAMExtraction.Obstacle(heightAGL: Optional(SF50_Shared.NOTAMExtraction.Length(value: 2000.0, unit: SF50_Shared.NOTAMExtraction.LengthUnit.ft)), heightMSL: Optional(SF50_Shared.NOTAMExtraction.Length(value: 138.0, unit: SF50_Shared.NOTAMExtraction.LengthUnit.ft)), distance: Optional(SF50_Shared.NOTAMExtraction.Distance(value: 0.0, unit: SF50_Shared.NOTAMExtraction.DistanceUnit.ft)), distanceReference: Optional(""PSN 521700.1N0044411.0E""), bearingDegrees: nil, latitude: Optional(0.0), longitude: Optional(0.0))))]), unreadable: nil)","NOTAMExtraction(isCanceled: false, effects: [SF50_Shared.NOTAMExtraction.RunwayEffect(runway: Optional(""18C""), closure: SF50_Shared.NOTAMExtraction.Closure.none, closedLength: nil, closedEnd: nil, thresholdDisplacement: nil, declaredDistances: nil, surfaceCondition: nil, obstacle: Optional(SF50_Shared.NOTAMExtraction.Obstacle(heightAGL: nil, heightMSL: Optional(SF50_Shared.NOTAMExtraction.Length(value: 138.0, unit: SF50_Shared.NOTAMExtraction.LengthUnit.ft)), distance: Optional(SF50_Shared.NOTAMExtraction.Distance(value: 2000.0, unit: SF50_Shared.NOTAMExtraction.DistanceUnit.m)), distanceReference: Optional(""TORA RWY 18C""), bearingDegrees: nil, latitude: Optional(52.283361), longitude: Optional(4.736389))))])","Metric(readable, passing)","Metric(proposesNothing, ignore)","Metric(isCanceled recall, ignore)","Metric(isCanceled safety, passing)","Metric(closure recall, ignore)","Metric(closure safety, ignore)","Metric(closedLength recall, ignore)","Metric(closedLength safety, ignore)","Metric(closedEnd recall, ignore)","Metric(closedEnd safety, ignore)","Metric(thresholdDisplacement recall, ignore)","Metric(thresholdDisplacement safety, ignore)","Metric(TORA recall, ignore)","Metric(TORA safety, failing, rationale: 18C: invented)","Metric(TODA recall, ignore)","Metric(TODA safety, failing, rationale: 18C: invented)","Metric(ASDA recall, ignore)","Metric(ASDA safety, failing, rationale: 18C: invented)","Metric(LDA recall, ignore)","Metric(LDA safety, failing, rationale: 18C: invented)","Metric(rwyCC recall, ignore)","Metric(rwyCC safety, ignore)","Metric(contaminants recall, ignore)","Metric(contaminants safety, failing, rationale: 18C: invented)","Metric(obstacleHeightAGL recall, ignore)","Metric(obstacleHeightAGL safety, failing, rationale: 18C: invented)","Metric(obstacleHeightMSL recall, passing)","Metric(obstacleHeightMSL safety, passing)","Metric(obstaclePosition recall, failing, rationale: 18C: wrong)","Metric(obstaclePosition safety, failing, rationale: 18C: wrong)"
"ModelSample<NOTAMExtraction>(input: Location: LFST

TOWER CRANE OPR AT 'ENTZHEIM' :
RDL 114/0.62NM ARP LFST 
PSN : 483215N 0073855E
HEIGHT : 92FT
ELEV : 572FT
LIGHTING : NONE, output: Evaluations.ModelSampleOutput<SF50_Shared.NOTAMExtraction, Evaluations.TrajectoryExpectation>(value: Optional(SF50_Shared.NOTAMExtraction(isCanceled: false, effects: [SF50_Shared.NOTAMExtraction.RunwayEffect(runway: nil, closure: SF50_Shared.NOTAMExtraction.Closure.none, closedLength: nil, closedEnd: nil, thresholdDisplacement: nil, declaredDistances: nil, surfaceCondition: nil, obstacle: Optional(SF50_Shared.NOTAMExtraction.Obstacle(heightAGL: Optional(SF50_Shared.NOTAMExtraction.Length(value: 92.0, unit: SF50_Shared.NOTAMExtraction.LengthUnit.ft)), heightMSL: Optional(SF50_Shared.NOTAMExtraction.Length(value: 572.0, unit: SF50_Shared.NOTAMExtraction.LengthUnit.ft)), distance: Optional(SF50_Shared.NOTAMExtraction.Distance(value: 0.62, unit: SF50_Shared.NOTAMExtraction.DistanceUnit.nm)), distanceReference: Optional(""ARP LFST""), bearingDegrees: Optional(114.0), latitude: Optional(48.5375), longitude: Optional(7.648611))))])), expectations: nil))","NOTAMReading(value: SF50_Shared.NOTAMExtraction(isCanceled: false, effects: [SF50_Shared.NOTAMExtraction.RunwayEffect(runway: Optional(""11""), closure: SF50_Shared.NOTAMExtraction.Closure.none, closedLength: nil, closedEnd: nil, thresholdDisplacement: nil, declaredDistances: Optional(SF50_Shared.NOTAMExtraction.DeclaredDistances(TORA: nil, TODA: nil, ASDA: nil, LDA: nil)), surfaceCondition: nil, obstacle: Optional(SF50_Shared.NOTAMExtraction.Obstacle(heightAGL: nil, heightMSL: nil, distance: nil, distanceReference: nil, bearingDegrees: nil, latitude: Optional(0.0), longitude: Optional(7.385))))]), unreadable: nil)","NOTAMExtraction(isCanceled: false, effects: [SF50_Shared.NOTAMExtraction.RunwayEffect(runway: nil, closure: SF50_Shared.NOTAMExtraction.Closure.none, closedLength: nil, closedEnd: nil, thresholdDisplacement: nil, declaredDistances: nil, surfaceCondition: nil, obstacle: Optional(SF50_Shared.NOTAMExtraction.Obstacle(heightAGL: Optional(SF50_Shared.NOTAMExtraction.Length(value: 92.0, unit: SF50_Shared.NOTAMExtraction.LengthUnit.ft)), heightMSL: Optional(SF50_Shared.NOTAMExtraction.Length(value: 572.0, unit: SF50_Shared.NOTAMExtraction.LengthUnit.ft)), distance: Optional(SF50_Shared.NOTAMExtraction.Distance(value: 0.62, unit: SF50_Shared.NOTAMExtraction.DistanceUnit.nm)), distanceReference: Optional(""ARP LFST""), bearingDegrees: Optional(114.0), latitude: Optional(48.5375), longitude: Optional(7.648611))))])","Metric(readable, passing)","Metric(proposesNothing, ignore)","Metric(isCanceled recall, ignore)","Metric(isCanceled safety, passing)","Metric(closure recall, ignore)","Metric(closure safety, ignore)","Metric(closedLength recall, ignore)","Metric(closedLength safety, ignore)","Metric(closedEnd recall, ignore)","Metric(closedEnd safety, ignore)","Metric(thresholdDisplacement recall, ignore)","Metric(thresholdDisplacement safety, ignore)","Metric(TORA recall, ignore)","Metric(TORA safety, ignore)","Metric(TODA recall, ignore)","Metric(TODA safety, ignore)","Metric(ASDA recall, ignore)","Metric(ASDA safety, ignore)","Metric(LDA recall, ignore)","Metric(LDA safety, ignore)","Metric(rwyCC recall, ignore)","Metric(rwyCC safety, ignore)","Metric(contaminants recall, ignore)","Metric(contaminants safety, ignore)","Metric(obstacleHeightAGL recall, failing, rationale: aerodrome: missed)","Metric(obstacleHeightAGL safety, passing)","Metric(obstacleHeightMSL recall, failing, rationale: aerodrome: missed)","Metric(obstacleHeightMSL safety, passing)","Metric(obstaclePosition recall, failing, rationale: aerodrome: missed; 11: invented)","Metric(obstaclePosition safety, failing, rationale: aerodrome: missed; 11: invented)"
"ModelSample<NOTAMExtraction>(input: Location: KLNC

IAP LANCASTER RGNL, LANCASTER, TX.
RNAV (GPS) RWY 31, AMDT 1B...
CIRCLING CAT A/B MDA 1160/HAA 659.
TEMPORARY CRANE, 809 MSL, 1.36NM NW OF RWY 31 (2026-ASW-5819-OE).
2609031115-2712031115EST, output: Evaluations.ModelSampleOutput<SF50_Shared.NOTAMExtraction, Evaluations.TrajectoryExpectation>(value: Optional(SF50_Shared.NOTAMExtraction(isCanceled: false, effects: [])), expectations: nil))","NOTAMReading(value: SF50_Shared.NOTAMExtraction(isCanceled: false, effects: [SF50_Shared.NOTAMExtraction.RunwayEffect(runway: Optional(""31""), closure: SF50_Shared.NOTAMExtraction.Closure.none, closedLength: nil, closedEnd: nil, thresholdDisplacement: nil, declaredDistances: Optional(SF50_Shared.NOTAMExtraction.DeclaredDistances(TORA: nil, TODA: nil, ASDA: nil, LDA: nil)), surfaceCondition: nil, obstacle: Optional(SF50_Shared.NOTAMExtraction.Obstacle(heightAGL: nil, heightMSL: nil, distance: nil, distanceReference: nil, bearingDegrees: nil, latitude: nil, longitude: nil)))]), unreadable: nil)","NOTAMExtraction(isCanceled: false, effects: [])","Metric(readable, passing)","Metric(proposesNothing, failing, rationale: proposed 1 effects)","Metric(isCanceled recall, ignore)","Metric(isCanceled safety, passing)","Metric(closure recall, ignore)","Metric(closure safety, ignore)","Metric(closedLength recall, ignore)","Metric(closedLength safety, ignore)","Metric(closedEnd recall, ignore)","Metric(closedEnd safety, ignore)","Metric(thresholdDisplacement recall, ignore)","Metric(thresholdDisplacement safety, ignore)","Metric(TORA recall, ignore)","Metric(TORA safety, ignore)","Metric(TODA recall, ignore)","Metric(TODA safety, ignore)","Metric(ASDA recall, ignore)","Metric(ASDA safety, ignore)","Metric(LDA recall, ignore)","Metric(LDA safety, ignore)","Metric(rwyCC recall, ignore)","Metric(rwyCC safety, ignore)","Metric(contaminants recall, ignore)","Metric(contaminants safety, ignore)","Metric(obstacleHeightAGL recall, ignore)","Metric(obstacleHeightAGL safety, ignore)","Metric(obstacleHeightMSL recall, ignore)","Metric(obstacleHeightMSL safety, ignore)","Metric(obstaclePosition recall, ignore)","Metric(obstaclePosition safety, ignore)"
"ModelSample<NOTAMExtraction>(input: Location: KTKI

RWY 18 THR RELOCATED 1040FT S DECLARED DIST: TORA 5962FT TODA 5962FT ASDA 6462FT LDA 6462FT, output: Evaluations.ModelSampleOutput<SF50_Shared.NOTAMExtraction, Evaluations.TrajectoryExpectation>(value: Optional(SF50_Shared.NOTAMExtraction(isCanceled: false, effects: [SF50_Shared.NOTAMExtraction.RunwayEffect(runway: Optional(""18""), closure: SF50_Shared.NOTAMExtraction.Closure.none, closedLength: nil, closedEnd: nil, thresholdDisplacement: Optional(SF50_Shared.NOTAMExtraction.Length(value: 1040.0, unit: SF50_Shared.NOTAMExtraction.LengthUnit.ft)), declaredDistances: Optional(SF50_Shared.NOTAMExtraction.DeclaredDistances(TORA: Optional(SF50_Shared.NOTAMExtraction.Length(value: 5962.0, unit: SF50_Shared.NOTAMExtraction.LengthUnit.ft)), TODA: Optional(SF50_Shared.NOTAMExtraction.Length(value: 5962.0, unit: SF50_Shared.NOTAMExtraction.LengthUnit.ft)), ASDA: Optional(SF50_Shared.NOTAMExtraction.Length(value: 6462.0, unit: SF50_Shared.NOTAMExtraction.LengthUnit.ft)), LDA: Optional(SF50_Shared.NOTAMExtraction.Length(value: 6462.0, unit: SF50_Shared.NOTAMExtraction.LengthUnit.ft)))), surfaceCondition: nil, obstacle: nil)])), expectations: nil))","NOTAMReading(value: SF50_Shared.NOTAMExtraction(isCanceled: false, effects: [SF50_Shared.NOTAMExtraction.RunwayEffect(runway: Optional(""09R""), closure: SF50_Shared.NOTAMExtraction.Closure.partial, closedLength: nil, closedEnd: Optional(""THR""), thresholdDisplacement: Optional(SF50_Shared.NOTAMExtraction.Length(value: 1040.0, unit: SF50_Shared.NOTAMExtraction.LengthUnit.ft)), declaredDistances: Optional(SF50_Shared.NOTAMExtraction.DeclaredDistances(TORA: Optional(SF50_Shared.NOTAMExtraction.Length(value: 5962.0, unit: SF50_Shared.NOTAMExtraction.LengthUnit.ft)), TODA: Optional(SF50_Shared.NOTAMExtraction.Length(value: 5962.0, unit: SF50_Shared.NOTAMExtraction.LengthUnit.ft)), ASDA: Optional(SF50_Shared.NOTAMExtraction.Length(value: 6462.0, unit: SF50_Shared.NOTAMExtraction.LengthUnit.ft)), LDA: Optional(SF50_Shared.NOTAMExtraction.Length(value: 6462.0, unit: SF50_Shared.NOTAMExtraction.LengthUnit.ft)))), surfaceCondition: Optional(SF50_Shared.NOTAMExtraction.SurfaceCondition(rwyCC: nil, contaminants: [SF50_Shared.NOTAMExtraction.Contaminant(type: SF50_Shared.NOTAMExtraction.ContaminantType.wet, runwayThird: Optional(1), coveragePercent: Optional(100), depth: Optional(SF50_Shared.NOTAMExtraction.Depth(value: 0.0, unit: SF50_Shared.NOTAMExtraction.DepthUnit.in))), SF50_Shared.NOTAMExtraction.Contaminant(type: SF50_Shared.NOTAMExtraction.ContaminantType.wet, runwayThird: Optional(2), coveragePercent: Optional(100), depth: Optional(SF50_Shared.NOTAMExtraction.Depth(value: 0.0, unit: SF50_Shared.NOTAMExtraction.DepthUnit.in))), SF50_Shared.NOTAMExtraction.Contaminant(type: SF50_Shared.NOTAMExtraction.ContaminantType.wet, runwayThird: Optional(3), coveragePercent: Optional(100), depth: Optional(SF50_Shared.NOTAMExtraction.Depth(value: 0.0, unit: SF50_Shared.NOTAMExtraction.DepthUnit.in)))])), obstacle: Optional(SF50_Shared.NOTAMExtraction.Obstacle(heightAGL: Optional(SF50_Shared.NOTAMExtraction.Length(value: 0.0, unit: SF50_Shared.NOTAMExtraction.LengthUnit.ft)), heightMSL: Optional(SF50_Shared.NOTAMExtraction.Length(value: 0.0, unit: SF50_Shared.NOTAMExtraction.LengthUnit.ft)), distance: Optional(SF50_Shared.NOTAMExtraction.Distance(value: 0.0, unit: SF50_Shared.NOTAMExtraction.DistanceUnit.ft)), distanceReference: Optional(""09R""), bearingDegrees: nil, latitude: nil, longitude: nil)))]), unreadable: nil)","NOTAMExtraction(isCanceled: false, effects: [SF50_Shared.NOTAMExtraction.RunwayEffect(runway: Optional(""18""), closure: SF50_Shared.NOTAMExtraction.Closure.none, closedLength: nil, closedEnd: nil, thresholdDisplacement: Optional(SF50_Shared.NOTAMExtraction.Length(value: 1040.0, unit: SF50_Shared.NOTAMExtraction.LengthUnit.ft)), declaredDistances: Optional(SF50_Shared.NOTAMExtraction.DeclaredDistances(TORA: Optional(SF50_Shared.NOTAMExtraction.Length(value: 5962.0, unit: SF50_Shared.NOTAMExtraction.LengthUnit.ft)), TODA: Optional(SF50_Shared.NOTAMExtraction.Length(value: 5962.0, unit: SF50_Shared.NOTAMExtraction.LengthUnit.ft)), ASDA: Optional(SF50_Shared.NOTAMExtraction.Length(value: 6462.0, unit: SF50_Shared.NOTAMExtraction.LengthUnit.ft)), LDA: Optional(SF50_Shared.NOTAMExtraction.Length(value: 6462.0, unit: SF50_Shared.NOTAMExtraction.LengthUnit.ft)))), surfaceCondition: nil, obstacle: nil)])","Metric(readable, passing)","Metric(proposesNothing, ignore)","Metric(isCanceled recall, ignore)","Metric(isCanceled safety, passing)","Metric(closure recall, ignore)","Metric(closure safety, failing, rationale: 09R: invented)","Metric(closedLength recall, ignore)","Metric(closedLength safety, ignore)","Metric(closedEnd recall, ignore)","Metric(closedEnd safety, failing, rationale: 09R: invented)","Metric(thresholdDisplacement recall, failing, rationale: 09R: invented; 18: missed)","Metric(thresholdDisplacement safety, failing, rationale: 09R: invented; 18: missed)","Metric(TORA recall, failing, rationale: 09R: invented; 18: missed)","Metric(TORA safety, failing, rationale: 09R: invented; 18: missed)","Metric(TODA recall, failing, rationale: 09R: invented; 18: missed)","Metric(TODA safety, failing, rationale: 09R: invented; 18: missed)","Metric(ASDA recall, failing, rationale: 09R: invented; 18: missed)","Metric(ASDA safety, failing, rationale: 09R: invented; 18: missed)","Metric(LDA recall, failing, rationale: 09R: invented; 18: missed)","Metric(LDA safety, failing, rationale: 09R: invented; 18: missed)","Metric(rwyCC recall, ignore)","Metric(rwyCC safety, ignore)","Metric(contaminants recall, ignore)","Metric(contaminants safety, failing, rationale: 09R: invented)","Metric(obstacleHeightAGL recall, ignore)","Metric(obstacleHeightAGL safety, failing, rationale: 09R: invented)","Metric(obstacleHeightMSL recall, ignore)","Metric(obstacleHeightMSL safety, failing, rationale: 09R: invented)","Metric(obstaclePosition recall, ignore)","Metric(obstaclePosition safety, ignore)"
"ModelSample<NOTAMExtraction>(input: Location: EFRY

RWY12R THR TEMPO DISPLACED 160M INWARDS, RWY12R/30L LDA 320M, output: Evaluations.ModelSampleOutput<SF50_Shared.NOTAMExtraction, Evaluations.TrajectoryExpectation>(value: Optional(SF50_Shared.NOTAMExtraction(isCanceled: false, effects: [SF50_Shared.NOTAMExtraction.RunwayEffect(runway: Optional(""12R""), closure: SF50_Shared.NOTAMExtraction.Closure.none, closedLength: nil, closedEnd: nil, thresholdDisplacement: Optional(SF50_Shared.NOTAMExtraction.Length(value: 160.0, unit: SF50_Shared.NOTAMExtraction.LengthUnit.m)), declaredDistances: Optional(SF50_Shared.NOTAMExtraction.DeclaredDistances(TORA: nil, TODA: nil, ASDA: nil, LDA: Optional(SF50_Shared.NOTAMExtraction.Length(value: 320.0, unit: SF50_Shared.NOTAMExtraction.LengthUnit.m)))), surfaceCondition: nil, obstacle: nil), SF50_Shared.NOTAMExtraction.RunwayEffect(runway: Optional(""30L""), closure: SF50_Shared.NOTAMExtraction.Closure.none, closedLength: nil, closedEnd: nil, thresholdDisplacement: nil, declaredDistances: Optional(SF50_Shared.NOTAMExtraction.DeclaredDistances(TORA: nil, TODA: nil, ASDA: nil, LDA: Optional(SF50_Shared.NOTAMExtraction.Length(value: 320.0, unit: SF50_Shared.NOTAMExtraction.LengthUnit.m)))), surfaceCondition: nil, obstacle: nil)])), expectations: nil))","NOTAMReading(value: SF50_Shared.NOTAMExtraction(isCanceled: false, effects: [SF50_Shared.NOTAMExtraction.RunwayEffect(runway: Optional(""09R""), closure: SF50_Shared.NOTAMExtraction.Closure.partial, closedLength: nil, closedEnd: Optional(""THR TEMPO DISPLACED 160M INWARDS""), thresholdDisplacement: Optional(SF50_Shared.NOTAMExtraction.Length(value: 160.0, unit: SF50_Shared.NOTAMExtraction.LengthUnit.m)), declaredDistances: Optional(SF50_Shared.NOTAMExtraction.DeclaredDistances(TORA: nil, TODA: nil, ASDA: nil, LDA: nil)), surfaceCondition: Optional(SF50_Shared.NOTAMExtraction.SurfaceCondition(rwyCC: nil, contaminants: [])), obstacle: Optional(SF50_Shared.NOTAMExtraction.Obstacle(heightAGL: nil, heightMSL: nil, distance: nil, distanceReference: nil, bearingDegrees: nil, latitude: nil, longitude: nil)))]), unreadable: nil)","NOTAMExtraction(isCanceled: false, effects: [SF50_Shared.NOTAMExtraction.RunwayEffect(runway: Optional(""12R""), closure: SF50_Shared.NOTAMExtraction.Closure.none, closedLength: nil, closedEnd: nil, thresholdDisplacement: Optional(SF50_Shared.NOTAMExtraction.Length(value: 160.0, unit: SF50_Shared.NOTAMExtraction.LengthUnit.m)), declaredDistances: Optional(SF50_Shared.NOTAMExtraction.DeclaredDistances(TORA: nil, TODA: nil, ASDA: nil, LDA: Optional(SF50_Shared.NOTAMExtraction.Length(value: 320.0, unit: SF50_Shared.NOTAMExtraction.LengthUnit.m)))), surfaceCondition: nil, obstacle: nil), SF50_Shared.NOTAMExtraction.RunwayEffect(runway: Optional(""30L""), closure: SF50_Shared.NOTAMExtraction.Closure.none, closedLength: nil, closedEnd: nil, thresholdDisplacement: nil, declaredDistances: Optional(SF50_Shared.NOTAMExtraction.DeclaredDistances(TORA: nil, TODA: nil, ASDA: nil, LDA: Optional(SF50_Shared.NOTAMExtraction.Length(value: 320.0, unit: SF50_Shared.NOTAMExtraction.LengthUnit.m)))), surfaceCondition: nil, obstacle: nil)])","Metric(readable, passing)","Metric(proposesNothing, ignore)","Metric(isCanceled recall, ignore)","Metric(isCanceled safety, passing)","Metric(closure recall, ignore)","Metric(closure safety, failing, rationale: 09R: invented)","Metric(closedLength recall, ignore)","Metric(closedLength safety, ignore)","Metric(closedEnd recall, ignore)","Metric(closedEnd safety, failing, rationale: 09R: invented)","Metric(thresholdDisplacement recall, failing, rationale: 09R: invented; 12R: missed)","Metric(thresholdDisplacement safety, failing, rationale: 09R: invented; 12R: missed)","Metric(TORA recall, ignore)","Metric(TORA safety, ignore)","Metric(TODA recall, ignore)","Metric(TODA safety, ignore)","Metric(ASDA recall, ignore)","Metric(ASDA safety, ignore)","Metric(LDA recall, failing, rationale: 12R: missed; 30L: missed)","Metric(LDA safety, passing)","Metric(rwyCC recall, ignore)","Metric(rwyCC safety, ignore)","Metric(contaminants recall, ignore)","Metric(contaminants safety, failing, rationale: 09R: invented)","Metric(obstacleHeightAGL recall, ignore)","Metric(obstacleHeightAGL safety, ignore)","Metric(obstacleHeightMSL recall, ignore)","Metric(obstacleHeightMSL safety, ignore)","Metric(obstaclePosition recall, ignore)","Metric(obstaclePosition safety, ignore)"
"ModelSample<NOTAMExtraction>(input: Location: UHMM

AFTER RECONSTRUCTION TWY B AND TWY F PUT INTO OPERATION
FOR ALL ACFT TYPES WO WEIGHT RESTRICTIONS. TWY WIDTH AVBL 22.5M.
TWY 2 RENAMED TO TWY B, MAIN TWY RENAMED TO TWY F.
DIST FROM TWY B:
RWY 10 - TORA-2123M, TODA-2511M, ASDA-2123M,
RWY 28 - TORA-1352M, TODA-1752M, ASDA-1352M., output: Evaluations.ModelSampleOutput<SF50_Shared.NOTAMExtraction, Evaluations.TrajectoryExpectation>(value: Optional(SF50_Shared.NOTAMExtraction(isCanceled: false, effects: [])), expectations: nil))","NOTAMReading(value: SF50_Shared.NOTAMExtraction(isCanceled: false, effects: [SF50_Shared.NOTAMExtraction.RunwayEffect(runway: Optional(""10""), closure: SF50_Shared.NOTAMExtraction.Closure.none, closedLength: nil, closedEnd: nil, thresholdDisplacement: nil, declaredDistances: Optional(SF50_Shared.NOTAMExtraction.DeclaredDistances(TORA: Optional(SF50_Shared.NOTAMExtraction.Length(value: 2123.0, unit: SF50_Shared.NOTAMExtraction.LengthUnit.m)), TODA: Optional(SF50_Shared.NOTAMExtraction.Length(value: 2511.0, unit: SF50_Shared.NOTAMExtraction.LengthUnit.m)), ASDA: Optional(SF50_Shared.NOTAMExtraction.Length(value: 2123.0, unit: SF50_Shared.NOTAMExtraction.LengthUnit.m)), LDA: nil)), surfaceCondition: nil, obstacle: nil), SF50_Shared.NOTAMExtraction.RunwayEffect(runway: Optional(""28""), closure: SF50_Shared.NOTAMExtraction.Closure.none, closedLength: nil, closedEnd: nil, thresholdDisplacement: nil, declaredDistances: Optional(SF50_Shared.NOTAMExtraction.DeclaredDistances(TORA: Optional(SF50_Shared.NOTAMExtraction.Length(value: 1352.0, unit: SF50_Shared.NOTAMExtraction.LengthUnit.m)), TODA: Optional(SF50_Shared.NOTAMExtraction.Length(value: 1752.0, unit: SF50_Shared.NOTAMExtraction.LengthUnit.m)), ASDA: Optional(SF50_Shared.NOTAMExtraction.Length(value: 1352.0, unit: SF50_Shared.NOTAMExtraction.LengthUnit.m)), LDA: nil)), surfaceCondition: nil, obstacle: nil)]), unreadable: nil)","NOTAMExtraction(isCanceled: false, effects: [])","Metric(readable, passing)","Metric(proposesNothing, failing, rationale: proposed 2 effects)","Metric(isCanceled recall, ignore)","Metric(isCanceled safety, passing)","Metric(closure recall, ignore)","Metric(closure safety, ignore)","Metric(closedLength recall, ignore)","Metric(closedLength safety, ignore)","Metric(closedEnd recall, ignore)","Metric(closedEnd safety, ignore)","Metric(thresholdDisplacement recall, ignore)","Metric(thresholdDisplacement safety, ignore)","Metric(TORA recall, ignore)","Metric(TORA safety, failing, rationale: 10: invented; 28: invented)","Metric(TODA recall, ignore)","Metric(TODA safety, failing, rationale: 10: invented; 28: invented)","Metric(ASDA recall, ignore)","Metric(ASDA safety, failing, rationale: 10: invented; 28: invented)","Metric(LDA recall, ignore)","Metric(LDA safety, ignore)","Metric(rwyCC recall, ignore)","Metric(rwyCC safety, ignore)","Metric(contaminants recall, ignore)","Metric(contaminants safety, ignore)","Metric(obstacleHeightAGL recall, ignore)","Metric(obstacleHeightAGL safety, ignore)","Metric(obstacleHeightMSL recall, ignore)","Metric(obstacleHeightMSL safety, ignore)","Metric(obstaclePosition recall, ignore)","Metric(obstaclePosition safety, ignore)"
"ModelSample<NOTAMExtraction>(input: Location: LTBG

RWY 18/36 CLSD TO JET TFC.
-DUE TO CONST WORKS AT THR 36

SOUTHERN HOOK BARRIER IS LOCATED 1499FT INNER SIDE OF THR 36. 
FOR CARGO ACFT AND HELICOPTERS, IF LANDING DIRECTION IS 36 TFCS 
SHALL PLAN TO TOUCH DOWN BEYOND THE HOOK BARRIER., output: Evaluations.ModelSampleOutput<SF50_Shared.NOTAMExtraction, Evaluations.TrajectoryExpectation>(value: Optional(SF50_Shared.NOTAMExtraction(isCanceled: false, effects: [SF50_Shared.NOTAMExtraction.RunwayEffect(runway: Optional(""18/36""), closure: SF50_Shared.NOTAMExtraction.Closure.full, closedLength: nil, closedEnd: nil, thresholdDisplacement: nil, declaredDistances: nil, surfaceCondition: nil, obstacle: nil)])), expectations: nil))","NOTAMReading(value: SF50_Shared.NOTAMExtraction(isCanceled: false, effects: [SF50_Shared.NOTAMExtraction.RunwayEffect(runway: Optional(""18/36""), closure: SF50_Shared.NOTAMExtraction.Closure.full, closedLength: nil, closedEnd: nil, thresholdDisplacement: nil, declaredDistances: nil, surfaceCondition: nil, obstacle: Optional(SF50_Shared.NOTAMExtraction.Obstacle(heightAGL: nil, heightMSL: nil, distance: Optional(SF50_Shared.NOTAMExtraction.Distance(value: 1499.0, unit: SF50_Shared.NOTAMExtraction.DistanceUnit.ft)), distanceReference: Optional(""INNER SIDE OF THR 36""), bearingDegrees: nil, latitude: nil, longitude: nil)))]), unreadable: nil)","NOTAMExtraction(isCanceled: false, effects: [SF50_Shared.NOTAMExtraction.RunwayEffect(runway: Optional(""18/36""), closure: SF50_Shared.NOTAMExtraction.Closure.full, closedLength: nil, closedEnd: nil, thresholdDisplacement: nil, declaredDistances: nil, surfaceCondition: nil, obstacle: nil)])","Metric(readable, passing)","Metric(proposesNothing, ignore)","Metric(isCanceled recall, ignore)","Metric(isCanceled safety, passing)","Metric(closure recall, passing)","Metric(closure safety, passing)","Metric(closedLength recall, ignore)","Metric(closedLength safety, ignore)","Metric(closedEnd recall, ignore)","Metric(closedEnd safety, ignore)","Metric(thresholdDisplacement recall, ignore)","Metric(thresholdDisplacement safety, ignore)","Metric(TORA recall, ignore)","Metric(TORA safety, ignore)","Metric(TODA recall, ignore)","Metric(TODA safety, ignore)","Metric(ASDA recall, ignore)","Metric(ASDA safety, ignore)","Metric(LDA recall, ignore)","Metric(LDA safety, ignore)","Metric(rwyCC recall, ignore)","Metric(rwyCC safety, ignore)","Metric(contaminants recall, ignore)","Metric(contaminants safety, ignore)","Metric(obstacleHeightAGL recall, ignore)","Metric(obstacleHeightAGL safety, ignore)","Metric(obstacleHeightMSL recall, ignore)","Metric(obstacleHeightMSL safety, ignore)","Metric(obstaclePosition recall, ignore)","Metric(obstaclePosition safety, ignore)"
"ModelSample<NOTAMExtraction>(input: Location: NZNS

GRASS RWY 02/20 CLSD TO FIXED WING ACFT, output: Evaluations.ModelSampleOutput<SF50_Shared.NOTAMExtraction, Evaluations.TrajectoryExpectation>(value: Optional(SF50_Shared.NOTAMExtraction(isCanceled: false, effects: [SF50_Shared.NOTAMExtraction.RunwayEffect(runway: Optional(""02""), closure: SF50_Shared.NOTAMExtraction.Closure.full, closedLength: nil, closedEnd: nil, thresholdDisplacement: nil, declaredDistances: nil, surfaceCondition: nil, obstacle: nil), SF50_Shared.NOTAMExtraction.RunwayEffect(runway: Optional(""20""), closure: SF50_Shared.NOTAMExtraction.Closure.full, closedLength: nil, closedEnd: nil, thresholdDisplacement: nil, declaredDistances: nil, surfaceCondition: nil, obstacle: nil)])), expectations: nil))","NOTAMReading(value: SF50_Shared.NOTAMExtraction(isCanceled: false, effects: [SF50_Shared.NOTAMExtraction.RunwayEffect(runway: Optional(""02/20""), closure: SF50_Shared.NOTAMExtraction.Closure.full, closedLength: nil, closedEnd: nil, thresholdDisplacement: nil, declaredDistances: nil, surfaceCondition: nil, obstacle: nil)]), unreadable: nil)","NOTAMExtraction(isCanceled: false, effects: [SF50_Shared.NOTAMExtraction.RunwayEffect(runway: Optional(""02""), closure: SF50_Shared.NOTAMExtraction.Closure.full, closedLength: nil, closedEnd: nil, thresholdDisplacement: nil, declaredDistances: nil, surfaceCondition: nil, obstacle: nil), SF50_Shared.NOTAMExtraction.RunwayEffect(runway: Optional(""20""), closure: SF50_Shared.NOTAMExtraction.Closure.full, closedLength: nil, closedEnd: nil, thresholdDisplacement: nil, declaredDistances: nil, surfaceCondition: nil, obstacle: nil)])","Metric(readable, passing)","Metric(proposesNothing, ignore)","Metric(isCanceled recall, ignore)","Metric(isCanceled safety, passing)","Metric(closure recall, failing, rationale: 02: missed; 02/20: invented; 20: missed)","Metric(closure safety, failing, rationale: 02: missed; 02/20: invented; 20: missed)","Metric(closedLength recall, ignore)","Metric(closedLength safety, ignore)","Metric(closedEnd recall, ignore)","Metric(closedEnd safety, ignore)","Metric(thresholdDisplacement recall, ignore)","Metric(thresholdDisplacement safety, ignore)","Metric(TORA recall, ignore)","Metric(TORA safety, ignore)","Metric(TODA recall, ignore)","Metric(TODA safety, ignore)","Metric(ASDA recall, ignore)","Metric(ASDA safety, ignore)","Metric(LDA recall, ignore)","Metric(LDA safety, ignore)","Metric(rwyCC recall, ignore)","Metric(rwyCC safety, ignore)","Metric(contaminants recall, ignore)","Metric(contaminants safety, ignore)","Metric(obstacleHeightAGL recall, ignore)","Metric(obstacleHeightAGL safety, ignore)","Metric(obstacleHeightMSL recall, ignore)","Metric(obstacleHeightMSL safety, ignore)","Metric(obstaclePosition recall, ignore)","Metric(obstaclePosition safety, ignore)"
"ModelSample<NOTAMExtraction>(input: Location: KEMT

ODP SAN GABRIEL VALLEY, EL MONTE, CA.
DIVERSE VECTOR AREA, AMDT 1 ...
RWY 19, REQUIRES MINIMUM CLIMB OF 378 FT PER NM TO 600.
TEMPORARY CRANE 4739 FT FROM DER, 785FT RIGHT OF CENTERLINE, 170FT AGL/440FT MSL (2025-AWP-2367-OE).
ALL OTHER DATA REMAINS AS PUBLISHED. 2606041852-2701141852EST, output: Evaluations.ModelSampleOutput<SF50_Shared.NOTAMExtraction, Evaluations.TrajectoryExpectation>(value: Optional(SF50_Shared.NOTAMExtraction(isCanceled: false, effects: [SF50_Shared.NOTAMExtraction.RunwayEffect(runway: Optional(""19""), closure: SF50_Shared.NOTAMExtraction.Closure.none, closedLength: nil, closedEnd: nil, thresholdDisplacement: nil, declaredDistances: nil, surfaceCondition: nil, obstacle: Optional(SF50_Shared.NOTAMExtraction.Obstacle(heightAGL: Optional(SF50_Shared.NOTAMExtraction.Length(value: 170.0, unit: SF50_Shared.NOTAMExtraction.LengthUnit.ft)), heightMSL: Optional(SF50_Shared.NOTAMExtraction.Length(value: 440.0, unit: SF50_Shared.NOTAMExtraction.LengthUnit.ft)), distance: Optional(SF50_Shared.NOTAMExtraction.Distance(value: 4739.0, unit: SF50_Shared.NOTAMExtraction.DistanceUnit.ft)), distanceReference: Optional(""DER""), bearingDegrees: nil, latitude: nil, longitude: nil)))])), expectations: nil))","NOTAMReading(value: SF50_Shared.NOTAMExtraction(isCanceled: false, effects: [SF50_Shared.NOTAMExtraction.RunwayEffect(runway: Optional(""19""), closure: SF50_Shared.NOTAMExtraction.Closure.none, closedLength: nil, closedEnd: nil, thresholdDisplacement: nil, declaredDistances: Optional(SF50_Shared.NOTAMExtraction.DeclaredDistances(TORA: nil, TODA: nil, ASDA: nil, LDA: nil)), surfaceCondition: nil, obstacle: Optional(SF50_Shared.NOTAMExtraction.Obstacle(heightAGL: Optional(SF50_Shared.NOTAMExtraction.Length(value: 4739.0, unit: SF50_Shared.NOTAMExtraction.LengthUnit.ft)), heightMSL: Optional(SF50_Shared.NOTAMExtraction.Length(value: 440.0, unit: SF50_Shared.NOTAMExtraction.LengthUnit.ft)), distance: Optional(SF50_Shared.NOTAMExtraction.Distance(value: 785.0, unit: SF50_Shared.NOTAMExtraction.DistanceUnit.ft)), distanceReference: Optional(""DER""), bearingDegrees: nil, latitude: Optional(33.983), longitude: Optional(-118.477))))]), unreadable: nil)","NOTAMExtraction(isCanceled: false, effects: [SF50_Shared.NOTAMExtraction.RunwayEffect(runway: Optional(""19""), closure: SF50_Shared.NOTAMExtraction.Closure.none, closedLength: nil, closedEnd: nil, thresholdDisplacement: nil, declaredDistances: nil, surfaceCondition: nil, obstacle: Optional(SF50_Shared.NOTAMExtraction.Obstacle(heightAGL: Optional(SF50_Shared.NOTAMExtraction.Length(value: 170.0, unit: SF50_Shared.NOTAMExtraction.LengthUnit.ft)), heightMSL: Optional(SF50_Shared.NOTAMExtraction.Length(value: 440.0, unit: SF50_Shared.NOTAMExtraction.LengthUnit.ft)), distance: Optional(SF50_Shared.NOTAMExtraction.Distance(value: 4739.0, unit: SF50_Shared.NOTAMExtraction.DistanceUnit.ft)), distanceReference: Optional(""DER""), bearingDegrees: nil, latitude: nil, longitude: nil)))])","Metric(readable, passing)","Metric(proposesNothing, ignore)","Metric(isCanceled recall, ignore)","Metric(isCanceled safety, passing)","Metric(closure recall, ignore)","Metric(closure safety, ignore)","Metric(closedLength recall, ignore)","Metric(closedLength safety, ignore)","Metric(closedEnd recall, ignore)","Metric(closedEnd safety, ignore)","Metric(thresholdDisplacement recall, ignore)","Metric(thresholdDisplacement safety, ignore)","Metric(TORA recall, ignore)","Metric(TORA safety, ignore)","Metric(TODA recall, ignore)","Metric(TODA safety, ignore)","Metric(ASDA recall, ignore)","Metric(ASDA safety, ignore)","Metric(LDA recall, ignore)","Metric(LDA safety, ignore)","Metric(rwyCC recall, ignore)","Metric(rwyCC safety, ignore)","Metric(contaminants recall, ignore)","Metric(contaminants safety, ignore)","Metric(obstacleHeightAGL recall, failing, rationale: 19: wrong)","Metric(obstacleHeightAGL safety, failing, rationale: 19: wrong)","Metric(obstacleHeightMSL recall, passing)","Metric(obstacleHeightMSL safety, passing)","Metric(obstaclePosition recall, ignore)","Metric(obstaclePosition safety, failing, rationale: 19: invented)"
"ModelSample<NOTAMExtraction>(input: Location: TPA

A3388/25 NOTAMC A3387/25 
Q) KZMA/QMRXX/IV/NBO/A/000/999/2759N08232W005 
A) KTPA
B) 2511260315
E)  TPA RWY 01L/19R CLSD
CANCELED, output: Evaluations.ModelSampleOutput<SF50_Shared.NOTAMExtraction, Evaluations.TrajectoryExpectation>(value: Optional(SF50_Shared.NOTAMExtraction(isCanceled: true, effects: [])), expectations: nil))","NOTAMReading(value: SF50_Shared.NOTAMExtraction(isCanceled: true, effects: [SF50_Shared.NOTAMExtraction.RunwayEffect(runway: Optional(""01L/19R""), closure: SF50_Shared.NOTAMExtraction.Closure.full, closedLength: nil, closedEnd: nil, thresholdDisplacement: nil, declaredDistances: nil, surfaceCondition: nil, obstacle: nil)]), unreadable: nil)","NOTAMExtraction(isCanceled: true, effects: [])","Metric(readable, passing)","Metric(proposesNothing, failing, rationale: proposed 1 effects)","Metric(isCanceled recall, passing)","Metric(isCanceled safety, ignore)","Metric(closure recall, ignore)","Metric(closure safety, failing, rationale: 01L/19R: invented)","Metric(closedLength recall, ignore)","Metric(closedLength safety, ignore)","Metric(closedEnd recall, ignore)","Metric(closedEnd safety, ignore)","Metric(thresholdDisplacement recall, ignore)","Metric(thresholdDisplacement safety, ignore)","Metric(TORA recall, ignore)","Metric(TORA safety, ignore)","Metric(TODA recall, ignore)","Metric(TODA safety, ignore)","Metric(ASDA recall, ignore)","Metric(ASDA safety, ignore)","Metric(LDA recall, ignore)","Metric(LDA safety, ignore)","Metric(rwyCC recall, ignore)","Metric(rwyCC safety, ignore)","Metric(contaminants recall, ignore)","Metric(contaminants safety, ignore)","Metric(obstacleHeightAGL recall, ignore)","Metric(obstacleHeightAGL safety, ignore)","Metric(obstacleHeightMSL recall, ignore)","Metric(obstacleHeightMSL safety, ignore)","Metric(obstaclePosition recall, ignore)","Metric(obstaclePosition safety, ignore)"
"ModelSample<NOTAMExtraction>(input: Location: KBUF

RWY 14 PAPI U/S, output: Evaluations.ModelSampleOutput<SF50_Shared.NOTAMExtraction, Evaluations.TrajectoryExpectation>(value: Optional(SF50_Shared.NOTAMExtraction(isCanceled: false, effects: [])), expectations: nil))","NOTAMReading(value: SF50_Shared.NOTAMExtraction(isCanceled: false, effects: [SF50_Shared.NOTAMExtraction.RunwayEffect(runway: Optional(""14""), closure: SF50_Shared.NOTAMExtraction.Closure.none, closedLength: nil, closedEnd: nil, thresholdDisplacement: nil, declaredDistances: Optional(SF50_Shared.NOTAMExtraction.DeclaredDistances(TORA: nil, TODA: nil, ASDA: nil, LDA: nil)), surfaceCondition: nil, obstacle: nil)]), unreadable: nil)","NOTAMExtraction(isCanceled: false, effects: [])","Metric(readable, passing)","Metric(proposesNothing, failing, rationale: proposed 1 effects)","Metric(isCanceled recall, ignore)","Metric(isCanceled safety, passing)","Metric(closure recall, ignore)","Metric(closure safety, ignore)","Metric(closedLength recall, ignore)","Metric(closedLength safety, ignore)","Metric(closedEnd recall, ignore)","Metric(closedEnd safety, ignore)","Metric(thresholdDisplacement recall, ignore)","Metric(thresholdDisplacement safety, ignore)","Metric(TORA recall, ignore)","Metric(TORA safety, ignore)","Metric(TODA recall, ignore)","Metric(TODA safety, ignore)","Metric(ASDA recall, ignore)","Metric(ASDA safety, ignore)","Metric(LDA recall, ignore)","Metric(LDA safety, ignore)","Metric(rwyCC recall, ignore)","Metric(rwyCC safety, ignore)","Metric(contaminants recall, ignore)","Metric(contaminants safety, ignore)","Metric(obstacleHeightAGL recall, ignore)","Metric(obstacleHeightAGL safety, ignore)","Metric(obstacleHeightMSL recall, ignore)","Metric(obstacleHeightMSL safety, ignore)","Metric(obstaclePosition recall, ignore)","Metric(obstaclePosition safety, ignore)"
"ModelSample<NOTAMExtraction>(input: Location: FAI

FAI TWY U, V, W FICON 5IN DRY SN OVER COMPACTED SN OBS AT
2511241642., output: Evaluations.ModelSampleOutput<SF50_Shared.NOTAMExtraction, Evaluations.TrajectoryExpectation>(value: Optional(SF50_Shared.NOTAMExtraction(isCanceled: false, effects: [])), expectations: nil))","NOTAMReading(value: SF50_Shared.NOTAMExtraction(isCanceled: false, effects: [SF50_Shared.NOTAMExtraction.RunwayEffect(runway: Optional(""09R""), closure: SF50_Shared.NOTAMExtraction.Closure.none, closedLength: nil, closedEnd: nil, thresholdDisplacement: nil, declaredDistances: nil, surfaceCondition: Optional(SF50_Shared.NOTAMExtraction.SurfaceCondition(rwyCC: nil, contaminants: [SF50_Shared.NOTAMExtraction.Contaminant(type: SF50_Shared.NOTAMExtraction.ContaminantType.wet, runwayThird: Optional(1), coveragePercent: Optional(100), depth: Optional(SF50_Shared.NOTAMExtraction.Depth(value: 0.0016666666666667, unit: SF50_Shared.NOTAMExtraction.DepthUnit.in))), SF50_Shared.NOTAMExtraction.Contaminant(type: SF50_Shared.NOTAMExtraction.ContaminantType.drySnow, runwayThird: Optional(2), coveragePercent: Optional(100), depth: Optional(SF50_Shared.NOTAMExtraction.Depth(value: 0.0016666666666667, unit: SF50_Shared.NOTAMExtraction.DepthUnit.mm))), SF50_Shared.NOTAMExtraction.Contaminant(type: SF50_Shared.NOTAMExtraction.ContaminantType.compactedSnow, runwayThird: Optional(3), coveragePercent: Optional(100), depth: Optional(SF50_Shared.NOTAMExtraction.Depth(value: 0.0016666666666667, unit: SF50_Shared.NOTAMExtraction.DepthUnit.in)))])), obstacle: Optional(SF50_Shared.NOTAMExtraction.Obstacle(heightAGL: nil, heightMSL: nil, distance: nil, distanceReference: nil, bearingDegrees: nil, latitude: nil, longitude: nil)))]), unreadable: nil)","NOTAMExtraction(isCanceled: false, effects: [])","Metric(readable, passing)","Metric(proposesNothing, failing, rationale: proposed 1 effects)","Metric(isCanceled recall, ignore)","Metric(isCanceled safety, passing)","Metric(closure recall, ignore)","Metric(closure safety, ignore)","Metric(closedLength recall, ignore)","Metric(closedLength safety, ignore)","Metric(closedEnd recall, ignore)","Metric(closedEnd safety, ignore)","Metric(thresholdDisplacement recall, ignore)","Metric(thresholdDisplacement safety, ignore)","Metric(TORA recall, ignore)","Metric(TORA safety, ignore)","Metric(TODA recall, ignore)","Metric(TODA safety, ignore)","Metric(ASDA recall, ignore)","Metric(ASDA safety, ignore)","Metric(LDA recall, ignore)","Metric(LDA safety, ignore)","Metric(rwyCC recall, ignore)","Metric(rwyCC safety, ignore)","Metric(contaminants recall, ignore)","Metric(contaminants safety, failing, rationale: 09R: invented)","Metric(obstacleHeightAGL recall, ignore)","Metric(obstacleHeightAGL safety, ignore)","Metric(obstacleHeightMSL recall, ignore)","Metric(obstacleHeightMSL safety, ignore)","Metric(obstaclePosition recall, ignore)","Metric(obstaclePosition safety, ignore)"
"ModelSample<NOTAMExtraction>(input: Location: CYVO

THR 36 IS NO LONGER DISPLACED BY 3000FT DUE PAINTING. 
FIRST 3000FT RWY 36 OPN, output: Evaluations.ModelSampleOutput<SF50_Shared.NOTAMExtraction, Evaluations.TrajectoryExpectation>(value: Optional(SF50_Shared.NOTAMExtraction(isCanceled: false, effects: [])), expectations: nil))","NOTAMReading(value: SF50_Shared.NOTAMExtraction(isCanceled: false, effects: [SF50_Shared.NOTAMExtraction.RunwayEffect(runway: Optional(""36""), closure: SF50_Shared.NOTAMExtraction.Closure.none, closedLength: nil, closedEnd: nil, thresholdDisplacement: nil, declaredDistances: Optional(SF50_Shared.NOTAMExtraction.DeclaredDistances(TORA: nil, TODA: nil, ASDA: nil, LDA: Optional(SF50_Shared.NOTAMExtraction.Length(value: 320.0, unit: SF50_Shared.NOTAMExtraction.LengthUnit.m)))), surfaceCondition: nil, obstacle: Optional(SF50_Shared.NOTAMExtraction.Obstacle(heightAGL: nil, heightMSL: nil, distance: Optional(SF50_Shared.NOTAMExtraction.Distance(value: 0.0, unit: SF50_Shared.NOTAMExtraction.DistanceUnit.ft)), distanceReference: nil, bearingDegrees: nil, latitude: nil, longitude: nil)))]), unreadable: nil)","NOTAMExtraction(isCanceled: false, effects: [])","Metric(readable, passing)","Metric(proposesNothing, failing, rationale: proposed 1 effects)","Metric(isCanceled recall, ignore)","Metric(isCanceled safety, passing)","Metric(closure recall, ignore)","Metric(closure safety, ignore)","Metric(closedLength recall, ignore)","Metric(closedLength safety, ignore)","Metric(closedEnd recall, ignore)","Metric(closedEnd safety, ignore)","Metric(thresholdDisplacement recall, ignore)","Metric(thresholdDisplacement safety, ignore)","Metric(TORA recall, ignore)","Metric(TORA safety, ignore)","Metric(TODA recall, ignore)","Metric(TODA safety, ignore)","Metric(ASDA recall, ignore)","Metric(ASDA safety, ignore)","Metric(LDA recall, ignore)","Metric(LDA safety, failing, rationale: 36: invented)","Metric(rwyCC recall, ignore)","Metric(rwyCC safety, ignore)","Metric(contaminants recall, ignore)","Metric(contaminants safety, ignore)","Metric(obstacleHeightAGL recall, ignore)","Metric(obstacleHeightAGL safety, ignore)","Metric(obstacleHeightMSL recall, ignore)","Metric(obstacleHeightMSL safety, ignore)","Metric(obstaclePosition recall, ignore)","Metric(obstaclePosition safety, ignore)"
